title,issn,quartile,year
Abdominal Radiology,2366-004X;2366-0058,Q1,2025
Academic Emergency Medicine,1069-6563;1553-2712,Q1,2025
Academic Medicine,1040-2446;1938-808X,Q1,2025
Academic Pediatrics,1876-2859;1876-2867,Q1,2025
Academic Radiology,1076-6332;1878-4046,Q1,2025
Accident Analysis and Prevention,0001-4575;1879-2057,Q1,2025
Accounts of Chemical Research,0001-4842;1520-4898,Q1,2025
ACM Transactions on Computing for Healthcare,2637-8051;2691-1957,Q1,2025
ACR Open Rheumatology,2578-5745,Q1,2025
ACS Applied Materials and Interfaces,1944-8244;1944-8252,Q1,2025
ACS Chemical Biology,1554-8929;1554-8937,Q1,2025
ACS Chemical Neuroscience,1948-7193,Q1,2025
ACS Infectious Diseases,2373-8227,Q1,2025
ACS Synthetic Biology,2161-5063,Q1,2025
Acta Biochimica et Biophysica Sinica,1672-9145;1745-7270,Q1,2025
Acta Biomaterialia,1742-7061;1878-7568,Q1,2025
Acta Dermato-Venereologica,0001-5555;1651-2057,Q1,2025
Acta Diabetologica,0940-5429;1432-5233,Q1,2025
Acta Neurologica Scandinavica,0001-6314;1600-0404,Q1,2025
Acta Neuropathologica,0001-6322;1432-0533,Q1,2025
Acta Neuropathologica Communications,2051-5960,Q1,2025
Acta Obstetricia et Gynecologica Scandinavica,0001-6349;1600-0412,Q1,2025
Acta Oncologica,0284-186X;1651-226X,Q1,2025
Acta Ophthalmologica,1755-375X;1755-3768,Q1,2025
Acta Orthopaedica,1745-3674;1745-3682,Q1,2025
Acta Otorhinolaryngologica Italica,0392-100X;1827-675X,Q1,2025
Acta Pharmacologica Sinica,1671-4083;1745-7254,Q1,2025
Acta Psychiatrica Scandinavica,0001-690X;1600-0447,Q1,2025
Acta Psychologica,0001-6918;1873-6297,Q1,2025
Acupuncture and Herbal Medicine,2097-0226;2765-8619,Q1,2025
Acupuncture in Medicine,0964-5284;1759-9873,Q1,2025
Addiction,0965-2140;1360-0443,Q1,2025
Addiction Biology,1355-6215;1369-1600,Q1,2025
Addiction Science and Clinical Practice,1940-0632;1940-0640,Q1,2025
Addictive Behaviors,0306-4603;1873-6327,Q1,2025
Adipocyte,2162-3945;2162-397X,Q1,2025
Administration and Policy in Mental Health and Mental Health Services Research,0894-587X;1573-3289,Q1,2025
Adolescent Research Review,2363-8346;2363-8354,Q1,2025
Advanced NanoBiomed Research,2699-9307,Q1,2025
Advanced Science,2198-3844,Q1,2025
Advances in Anatomic Pathology,1072-4109;1533-4031,Q1,2025
Advances in Cancer Research,0065-230X;2162-5557,Q1,2025
Advances in Clinical and Experimental Medicine,1899-5276;2451-2680,Q1,2025
Advances in Health Sciences Education,1382-4996;1573-1677,Q1,2025
Advances in Kidney Disease and Health,2949-8139,Q1,2025
Advances in Nutrition,2156-5376;2161-8313,Q1,2025
Advances in Ophthalmology Practice and Research,2667-3762,Q1,2025
Advances in Pediatrics,0065-3101;1878-1926,Q1,2025
Advances in Radiation Oncology,2452-1094,Q1,2025
Advances in Simulation,2059-0628,Q1,2025
Advances in Therapy,0741-238X;1865-8652,Q1,2025
Advances in Wound Care,2162-1918;2162-1934,Q1,2025
Aesthetic Plastic Surgery,0364-216X;1432-5241,Q1,2025
Aesthetic Surgery Journal,1090-820X;1527-330X,Q1,2025
Age and Ageing,0002-0729;1468-2834,Q1,2025
Ageing and Society,0144-686X;1469-1779,Q1,2025
Aggression and Violent Behavior,1359-1789;1873-6335,Q1,2025
Aging and Disease,2152-5250,Q1,2025
Aging and Mental Health,1360-7863;1364-6915,Q1,2025
Aging Clinical and Experimental Research,1594-0667;1720-8319,Q1,2025
AIDS,0269-9370;1473-5571,Q1,2025
AIDS and Behavior,1090-7165;1573-3254,Q1,2025
AIDS Patient Care and STDs,1087-2914;1557-7449,Q1,2025
AIDS Reviews,1139-6121;1698-6997,Q1,2025
AIMS Microbiology,2471-1888,Q1,2025
AIMS Public Health,2327-8994,Q1,2025
AJOG Global Reports,2666-5778,Q1,2025
AJPM Focus,2773-0654,Q1,2025
Alcohol Research: Current Reviews,2168-3492;2169-4796,Q1,2025
"Alcohol, Clinical and Experimental Research",2993-7175,Q1,2025
Alimentary Pharmacology and Therapeutics,0269-2813;1365-2036,Q1,2025
Allergology International,1323-8930;1440-1592,Q1,2025
"Allergy, Asthma and Immunology Research",2092-7355;2092-7363,Q1,2025
Allergy: European Journal of Allergy and Clinical Immunology,0105-4538;1398-9995,Q1,2025
Altex,1868-596X;1868-8551,Q1,2025
Alzheimer's and Dementia,1552-5260;1552-5279,Q1,2025
"Alzheimer's and Dementia: Diagnosis, Assessment and Disease Monitoring",2352-8729,Q1,2025
Alzheimer's and Dementia: Translational Research and Clinical Interventions,2352-8737,Q1,2025
Alzheimer's Research and Therapy,1758-9193,Q1,2025
Ambio,0044-7447;1654-7209,Q1,2025
American Heart Journal,0002-8703;1097-6744,Q1,2025
American Journal of Bioethics,1526-5161;1536-0075,Q1,2025
American Journal of Biological Anthropology,2692-7691,Q1,2025
American Journal of Cardiology,0002-9149;1879-1913,Q1,2025
American Journal of Cardiovascular Drugs,1175-3277;1179-187X,Q1,2025
American Journal of Chinese Medicine,0192-415X;1793-6853,Q1,2025
American Journal of Clinical Dermatology,1175-0561;1179-1888,Q1,2025
American Journal of Clinical Nutrition,0002-9165;1938-3207,Q1,2025
American Journal of Community Psychology,0091-0562;1573-2770,Q1,2025
American Journal of Drug and Alcohol Abuse,0095-2990;1097-9891,Q1,2025
American Journal of Emergency Medicine,0735-6757;1532-8171,Q1,2025
American Journal of Epidemiology,0002-9262;1476-6256,Q1,2025
American Journal of Gastroenterology,0002-9270;1572-0241,Q1,2025
American Journal of Geriatric Psychiatry,1064-7481;1545-7214,Q1,2025
American Journal of Health Economics,2332-3493;2332-3507,Q1,2025
American Journal of Hematology,0361-8609;1096-8652,Q1,2025
American Journal of Human Genetics,0002-9297;1537-6605,Q1,2025
American Journal of Hypertension,0895-7061;1941-7225,Q1,2025
American Journal of Industrial Medicine,0271-3586;1097-0274,Q1,2025
American Journal of Kidney Diseases,0272-6386;1523-6838,Q1,2025
American Journal of Managed Care,1088-0224;1936-2692,Q1,2025
American Journal of Medicine,0002-9343;1555-7162,Q1,2025
American Journal of Medicine Open,2667-0364,Q1,2025
American Journal of Nephrology,0250-8095;1421-9670,Q1,2025
American Journal of Neuroradiology,0195-6108;1936-959X,Q1,2025
American Journal of Obstetrics and Gynecology,0002-9378;1097-6868,Q1,2025
American Journal of Obstetrics and Gynecology MFM,2589-9333,Q1,2025
American Journal of Ophthalmology,0002-9394;1879-1891,Q1,2025
American Journal of Pathology,0002-9440;1525-2191,Q1,2025
American Journal of Physical Medicine and Rehabilitation,0894-9115;1537-7385,Q1,2025
American Journal of Physiology - Endocrinology and Metabolism,0193-1849;1522-1555,Q1,2025
American Journal of Physiology - Gastrointestinal and Liver Physiology,0193-1857;1522-1547,Q1,2025
American Journal of Physiology - Heart and Circulatory Physiology,0363-6135;1522-1539,Q1,2025
American Journal of Physiology - Lung Cellular and Molecular Physiology,1040-0605;1522-1504,Q1,2025
American Journal of Physiology - Renal Fluid and Electrolyte Physiology,0363-6127,Q1,2025
American Journal of Preventive Cardiology,2666-6677,Q1,2025
American Journal of Preventive Medicine,0749-3797;1873-2607,Q1,2025
American Journal of Psychiatry,0002-953X;1535-7228,Q1,2025
American Journal of Public Health,0090-0036;1541-0048,Q1,2025
American Journal of Respiratory and Critical Care Medicine,1073-449X;1535-4970,Q1,2025
American Journal of Respiratory Cell and Molecular Biology,1044-1549;1535-4989,Q1,2025
American Journal of Rhinology and Allergy,1945-8924;1945-8932,Q1,2025
American Journal of Roentgenology,0361-803X;1546-3141,Q1,2025
American Journal of Speech-Language Pathology,1058-0360;1558-9110,Q1,2025
American Journal of Sports Medicine,0363-5465;1552-3365,Q1,2025
American Journal of Surgery,0002-9610;1879-1883,Q1,2025
American Journal of Surgical Pathology,0147-5185;1532-0979,Q1,2025
American Journal of Transplantation,1600-6135;1600-6143,Q1,2025
American Psychologist,0003-066X;1935-990X,Q1,2025
Amyloid,1350-6129;1744-2818,Q1,2025
Amyotrophic Lateral Sclerosis and Frontotemporal Degeneration,2167-8421;2167-9223,Q1,2025
Anaesthesia,0003-2409;1365-2044,Q1,2025
Anaesthesia Critical Care and Pain Medicine,2352-5568,Q1,2025
Anatomical Record,1932-8486;1932-8494,Q1,2025
Anatomical Sciences Education,1935-9772;1935-9780,Q1,2025
Andrology,2047-2919;2047-2927,Q1,2025
Anesthesia and Analgesia,0003-2999;1526-7598,Q1,2025
Anesthesiology,0003-3022;1528-1175,Q1,2025
Angle Orthodontist,0003-3219;1945-7103,Q1,2025
Animal Microbiome,2524-4671,Q1,2025
Animal Models and Experimental Medicine,2096-5451;2576-2095,Q1,2025
"Annals of Allergy, Asthma and Immunology",1081-1206;1534-4436,Q1,2025
Annals of Behavioral Medicine,0883-6612;1532-4796,Q1,2025
Annals of Cardiothoracic Surgery,2225-319X;2304-1021,Q1,2025
Annals of Clinical and Translational Neurology,2328-9503,Q1,2025
Annals of Clinical Microbiology and Antimicrobials,1476-0711,Q1,2025
Annals of Emergency Medicine,0196-0644;1097-6760,Q1,2025
Annals of Family Medicine,1544-1709;1544-1717,Q1,2025
Annals of Gastroenterological Surgery,2475-0328,Q1,2025
Annals of General Psychiatry,1744-859X,Q1,2025
Annals of Global Health,2214-9996,Q1,2025
Annals of Hepatology,1665-2681,Q1,2025
Annals of Intensive Care,2110-5820,Q1,2025
Annals of Internal Medicine,0003-4819;1539-3704,Q1,2025
Annals of Laboratory Medicine,2234-3806;2234-3814,Q1,2025
Annals of Medicine,0785-3890;1365-2060,Q1,2025
Annals of Neurology,0364-5134;1531-8249,Q1,2025
Annals of Oncology,0923-7534;1569-8041,Q1,2025
Annals of Pediatric Endocrinology and Metabolism,2287-1012;2287-1292,Q1,2025
Annals of Physical and Rehabilitation Medicine,1877-0657;1877-0665,Q1,2025
Annals of Rehabilitation Medicine,2234-0645;2234-0653,Q1,2025
Annals of Surgery,0003-4932;1528-1140,Q1,2025
Annals of Surgical Oncology,1068-9265;1534-4681,Q1,2025
Annals of the American Thoracic Society,2325-6621;2329-6933,Q1,2025
Annals of the Rheumatic Diseases,0003-4967;1468-2060,Q1,2025
Annals of Thoracic Medicine,1817-1737;1998-3557,Q1,2025
Annals of Thoracic Surgery,0003-4975;1552-6259,Q1,2025
Annual Review of Analytical Chemistry,1936-1327;1936-1335,Q1,2025
Annual Review of Biomedical Engineering,1523-9829;1545-4274,Q1,2025
Annual Review of Cancer Biology,2472-3428,Q1,2025
Annual Review of Clinical Psychology,1548-5943;1548-5951,Q1,2025
Annual Review of Genomics and Human Genetics,1527-8204;1545-293X,Q1,2025
Annual Review of Immunology,0732-0582;1545-3278,Q1,2025
Annual Review of Medicine,0066-4219;1545-326X,Q1,2025
Annual Review of Microbiology,0066-4227;1545-3251,Q1,2025
Annual Review of Nutrition,0199-9885;1545-4312,Q1,2025
Annual Review of Pathology: Mechanisms of Disease,1553-4006;1553-4014,Q1,2025
Annual Review of Physical Chemistry,0066-426X;1545-1593,Q1,2025
Annual Review of Phytopathology,0066-4286;1545-2107,Q1,2025
Annual Review of Public Health,0163-7525;1545-2093,Q1,2025
Annual Review of Vision Science,2374-4642;2374-4650,Q1,2025
Antibiotics,2079-6382,Q1,2025
Antimicrobial Agents and Chemotherapy,0066-4804;1098-6596,Q1,2025
Antimicrobial Resistance and Infection Control,2047-2994,Q1,2025
Antioxidants and Redox Signaling,1523-0864;1557-7716,Q1,2025
Aphasiology,0268-7038;1464-5041,Q1,2025
Apoptosis,1360-8185;1573-675X,Q1,2025
Applied Health Economics and Health Policy,1175-5652;1179-1896,Q1,2025
Applied Microbiology and Biotechnology,0175-7598;1432-0614,Q1,2025
Archives of Academic Emergency Medicine,2645-4904,Q1,2025
Archives of Bone and Joint Surgery,2345-461X;2345-4644,Q1,2025
Archives of Dermatological Research,0340-3696;1432-069X,Q1,2025
Archives of Disease in Childhood,0003-9888;1468-2044,Q1,2025
Archives of Disease in Childhood: Fetal and Neonatal Edition,1359-2998;1468-2052,Q1,2025
Archives of Environmental Contamination and Toxicology,0090-4341;1432-0703,Q1,2025
Archives of Gerontology and Geriatrics,0167-4943;1872-6976,Q1,2025
Archives of Gynecology and Obstetrics,0932-0067;1432-0711,Q1,2025
Archives of Medical Research,0188-4409;1873-5487,Q1,2025
Archives of Orthopaedic and Trauma Surgery,0936-8051;1434-3916,Q1,2025
Archives of Pathology and Laboratory Medicine,0003-9985;1543-2165,Q1,2025
Archives of Physical Medicine and Rehabilitation,0003-9993;1532-821X,Q1,2025
Archives of Physiotherapy,2057-0082,Q1,2025
Archives of Public Health,0778-7367;2049-3258,Q1,2025
Archives of Rehabilitation Research and Clinical Translation,2590-1095,Q1,2025
Archives of Suicide Research,1381-1118;1543-6136,Q1,2025
Archives of Toxicology,0340-5761;1432-0738,Q1,2025
Archives of Women's Mental Health,1434-1816;1435-1102,Q1,2025
Arrhythmia and Electrophysiology Review,2050-3369;2050-3377,Q1,2025
"Arteriosclerosis, Thrombosis, and Vascular Biology",1079-5642;1524-4636,Q1,2025
Arthritis and Rheumatology,2326-5191;2326-5205,Q1,2025
Arthritis Care and Research,2151-464X;2151-4658,Q1,2025
Arthritis Research and Therapy,1478-6354;1478-6362,Q1,2025
Arthroplasty,2524-7948,Q1,2025
Arthroplasty Today,2352-3441,Q1,2025
Arthroscopy - Journal of Arthroscopic and Related Surgery,0749-8063;1526-3231,Q1,2025
"Arthroscopy, Sports Medicine, and Rehabilitation",2666-061X,Q1,2025
"Artificial Cells, Nanomedicine and Biotechnology",2169-1401;2169-141X,Q1,2025
Artificial Intelligence in Medicine,0933-3657;1873-2860,Q1,2025
Asia-Pacific Journal of Ophthalmology,2162-0989,Q1,2025
Asia-Pacific Psychiatry,1758-5864;1758-5872,Q1,2025
Asian Journal of Andrology,1008-682X;1745-7262,Q1,2025
Asian Journal of Psychiatry,1876-2018;1876-2026,Q1,2025
Asian Journal of Urology,2214-3882;2214-3890,Q1,2025
Asian Spine Journal,1976-1902;1976-7846,Q1,2025
ASN Neuro,1759-0914,Q1,2025
Atherosclerosis,0021-9150;1879-1484,Q1,2025
Attachment and Human Development,1461-6734;1469-2988,Q1,2025
Australian and New Zealand Journal of Psychiatry,0004-8674;1440-1614,Q1,2025
Autism in Adulthood,2573-9581;2573-959X,Q1,2025
Autism Research,1939-3792;1939-3806,Q1,2025
Autoimmunity Reviews,1568-9972;1873-0183,Q1,2025
Autonomic Neuroscience: Basic and Clinical,1566-0702;1872-7484,Q1,2025
Autophagy Reports,2769-4127,Q1,2025
Avicenna Journal of Phytomedicine,2228-7930;2228-7949,Q1,2025
Basic and Clinical Pharmacology and Toxicology,1742-7835;1742-7843,Q1,2025
Basic Research in Cardiology,0300-8428;1435-1803,Q1,2025
Behavioral and Brain Functions,1744-9081,Q1,2025
Behaviour Research and Therapy,0005-7967;1873-622X,Q1,2025
Behavioural and Cognitive Psychotherapy,1352-4658;1469-1833,Q1,2025
Best Practice and Research: Clinical Endocrinology and Metabolism,1521-690X;1532-1908,Q1,2025
Best Practice and Research: Clinical Gastroenterology,1521-6918;1532-1916,Q1,2025
Best Practice and Research: Clinical Obstetrics and Gynaecology,1521-6934;1532-1932,Q1,2025
Best Practice and Research: Clinical Rheumatology,1521-6942;1532-1770,Q1,2025
Biochimica et Biophysica Acta - Reviews on Cancer,0304-419X;1879-2561,Q1,2025
Biochimie,0300-9084;6183-1638,Q1,2025
BioDrugs,1173-8804;1179-190X,Q1,2025
Bioelectronic Medicine,2332-8886,Q1,2025
Bioengineered,2165-5979;2165-5987,Q1,2025
Biofabrication,1758-5082;1758-5090,Q1,2025
BioFactors,0951-6433;1872-8081,Q1,2025
Biogerontology,1389-5729;1573-6768,Q1,2025
Biological Psychiatry Global Open Science,2667-1743,Q1,2025
Biological Psychiatry: Cognitive Neuroscience and Neuroimaging,2451-9022;2451-9030,Q1,2025
Biological Research,0716-9760;0717-6287,Q1,2025
Biologics: Targets and Therapy,1177-5475;1177-5491,Q1,2025
Biology of Reproduction,0006-3363;1529-7268,Q1,2025
Biology of Sport,0860-021X;2083-1862,Q1,2025
Biology of the Cell,0248-4900;1768-322X,Q1,2025
Biomarker Research,2050-7771,Q1,2025
Biomaterials Research,2055-7124,Q1,2025
Biomaterials Translational,2096-112X,Q1,2025
BioMedical Engineering Online,1475-925X,Q1,2025
Biomedical Journal,2319-4170;2320-2890,Q1,2025
Biomedical Signal Processing and Control,1746-8094;1746-8108,Q1,2025
Biomedical Technology,2949-723X,Q1,2025
Biomedicine and Pharmacotherapy,0753-3322;1950-6007,Q1,2025
Biomedicines,2227-9059,Q1,2025
Biometrical Journal,0323-3847;1521-4036,Q1,2025
Biometrics,0006-341X;1541-0420,Q1,2025
Bioresource Technology,0960-8524;1873-2976,Q1,2025
BioScience Trends,1881-7815;1881-7823,Q1,2025
Biosensors and Bioelectronics,0956-5663;1873-4235,Q1,2025
Biostatistics,1465-4644;1468-4357,Q1,2025
Bipolar Disorders,1398-5647;1399-5618,Q1,2025
Birth,0730-7659;1523-536X,Q1,2025
BJA Open,2772-6096,Q1,2025
BJGP Open,2398-3795,Q1,2025
BJOG: An International Journal of Obstetrics and Gynaecology,1470-0328;1471-0528,Q1,2025
BJPsych Open,2056-4724,Q1,2025
BJR Open,2513-9878,Q1,2025
BJS Open,2474-9842,Q1,2025
BJU International,1464-4096;1464-410X,Q1,2025
Blood,0006-4971;1528-0020,Q1,2025
Blood Advances,2473-9529;2473-9537,Q1,2025
Blood Cancer Discovery,2643-3230;2643-3249,Q1,2025
Blood Cancer Journal,2044-5385,Q1,2025
Blood Neoplasia,2950-3280,Q1,2025
Blood Reviews,0268-960X;1532-1681,Q1,2025
BMB Reports,1976-6696;1976-670X,Q1,2025
BMC Complementary Medicine and Therapies,2662-7671,Q1,2025
BMC Emergency Medicine,1471-227X,Q1,2025
BMC Endocrine Disorders,1472-6823,Q1,2025
BMC Geriatrics,1471-2318,Q1,2025
BMC Global and Public Health,2731-913X,Q1,2025
BMC Health Services Research,1472-6963,Q1,2025
BMC Infectious Diseases,1471-2334,Q1,2025
BMC Medical Education,1472-6920,Q1,2025
BMC Medical Ethics,1472-6939,Q1,2025
BMC Medical Imaging,1471-2342,Q1,2025
BMC Medical Informatics and Decision Making,1472-6947,Q1,2025
BMC Medical Research Methodology,1471-2288,Q1,2025
BMC Medicine,1741-7015,Q1,2025
BMC Microbiology,1471-2180,Q1,2025
BMC Nephrology,1471-2369,Q1,2025
BMC Palliative Care,1472-684X,Q1,2025
BMC Pediatrics,1471-2431,Q1,2025
BMC Pregnancy and Childbirth,1471-2393,Q1,2025
BMC Primary Care,2731-4553,Q1,2025
BMC Psychiatry,1471-244X,Q1,2025
BMC Psychology,2050-7283,Q1,2025
BMC Public Health,1471-2458,Q1,2025
"BMC Sports Science, Medicine and Rehabilitation",2052-1847,Q1,2025
BMC Women's Health,1472-6874,Q1,2025
BME Frontiers,2765-8031,Q1,2025
BMJ,0959-8146;1756-1833,Q1,2025
BMJ Evidence-Based Medicine,2515-446X;2515-4478,Q1,2025
BMJ Global Health,2059-7908,Q1,2025
BMJ Health and Care Informatics,2632-1009,Q1,2025
BMJ Medicine,2754-0413,Q1,2025
BMJ Mental Health,2755-9734,Q1,2025
BMJ Oncology,2752-7948,Q1,2025
BMJ Open,2044-6055,Q1,2025
BMJ Open Diabetes Research and Care,2052-4897,Q1,2025
BMJ Open Ophthalmology,2397-3269,Q1,2025
BMJ Open Respiratory Research,2052-4439,Q1,2025
BMJ Open Sport and Exercise Medicine,2055-7647,Q1,2025
BMJ Paediatrics Open,2399-9772,Q1,2025
BMJ Quality and Safety,2044-5415;2044-5423,Q1,2025
BMJ Sexual and Reproductive Health,2515-1991;2515-2009,Q1,2025
Bone,8756-3282,Q1,2025
Bone and Joint Journal,2049-4394;2049-4408,Q1,2025
Bone and Joint Open,2633-1462,Q1,2025
Bone and Joint Research,2046-3758,Q1,2025
Bone Marrow Transplantation,0268-3369;1476-5365,Q1,2025
Bone Research,2095-4700;2095-6231,Q1,2025
Brain,0006-8950;1460-2156,Q1,2025
Brain Communications,2632-1297,Q1,2025
Brain Imaging and Behavior,1931-7557;1931-7565,Q1,2025
Brain Pathology,1015-6305;1750-3639,Q1,2025
Brain Stimulation,1876-4754;1935-861X,Q1,2025
Brain Structure and Function,1863-2653;1863-2661,Q1,2025
Brain Topography,0896-0267;1573-6792,Q1,2025
"Brain, Behavior, and Immunity - Health",2666-3546,Q1,2025
Brazilian Journal of Physical Therapy,1413-3555;1809-9246,Q1,2025
Breast,0960-9776;1532-3080,Q1,2025
Breast Cancer,1340-6868;1880-4233,Q1,2025
Breast Cancer Research,1465-5411;1465-542X,Q1,2025
Breast Cancer Research and Treatment,0167-6806;1573-7217,Q1,2025
Breathe,1810-6838;2073-4735,Q1,2025
British Journal of Anaesthesia,0007-0912;1471-6771,Q1,2025
British Journal of Biomedical Science,0967-4845;2474-0896,Q1,2025
British Journal of Cancer,0007-0920;1532-1827,Q1,2025
British Journal of Clinical Pharmacology,0306-5251;1365-2125,Q1,2025
British Journal of Clinical Psychology,0144-6657;2044-8260,Q1,2025
British Journal of Criminology,0007-0955;1464-3529,Q1,2025
British Journal of Dermatology,0007-0963;1365-2133,Q1,2025
British Journal of General Practice,0960-1643;1478-5242,Q1,2025
British Journal of Haematology,0007-1048;1365-2141,Q1,2025
British Journal of Health Psychology,1359-107X;2044-8287,Q1,2025
British Journal of Mathematical and Statistical Psychology,0007-1102;2044-8317,Q1,2025
British Journal of Nutrition,0007-1145;1475-2662,Q1,2025
British Journal of Ophthalmology,0007-1161;1468-2079,Q1,2025
British Journal of Psychiatry,0007-1250;1472-1465,Q1,2025
British Journal of Radiology,0007-1285;1748-880X,Q1,2025
British Journal of Sports Medicine,0306-3674;1473-0480,Q1,2025
British Journal of Surgery,0007-1323;1365-2168,Q1,2025
British Medical Bulletin,0007-1420;1471-8391,Q1,2025
Bulletin of the World Health Organization,0042-9686;1564-0604,Q1,2025
Burns,0305-4179;1879-1409,Q1,2025
Burns and Trauma,2321-3868;2321-3876,Q1,2025
Ca-A Cancer Journal for Clinicians,0007-9235;1542-4863,Q1,2025
Calcified Tissue International,0171-967X;1432-0827,Q1,2025
Canadian Association of Radiologists Journal,0846-5371;1488-2361,Q1,2025
Canadian Journal of Anesthesia,0832-610X;1496-8975,Q1,2025
Canadian Journal of Cardiology,0828-282X;1916-7075,Q1,2025
Canadian Journal of Diabetes,1499-2671;2352-3840,Q1,2025
Canadian Journal of Pain,2474-0527,Q1,2025
Canadian Journal of Psychiatry,0706-7437;1497-0015,Q1,2025
Cancer,0008-543X;1097-0142,Q1,2025
Cancer and Metastasis Reviews,0167-7659;1573-7233,Q1,2025
Cancer Biology and Medicine,2095-3941,Q1,2025
Cancer Biology and Therapy,1538-4047;1555-8576,Q1,2025
Cancer Cell,1535-6108;1878-3686,Q1,2025
Cancer Cell International,1475-2867,Q1,2025
Cancer Communications,2523-3548,Q1,2025
Cancer Control,1073-2748;1526-2359,Q1,2025
Cancer Discovery,2159-8274;2159-8290,Q1,2025
Cancer Drug Resistance,2578-532X,Q1,2025
Cancer Epidemiology Biomarkers and Prevention,1055-9965;1538-7755,Q1,2025
Cancer Imaging,1470-7330;1740-5025,Q1,2025
"Cancer Immunology, Immunotherapy",0340-7004;1432-0851,Q1,2025
Cancer Letters,0304-3835;1872-7980,Q1,2025
Cancer Medicine,2045-7634,Q1,2025
Cancer Pathogenesis and Therapy,2097-2563;2949-7132,Q1,2025
Cancer Prevention Research,1940-6207;1940-6215,Q1,2025
Cancer Research,0008-5472;1538-7445,Q1,2025
Cancer Research and Treatment,1598-2998;2005-9256,Q1,2025
Cancer Research Communications,2767-9764,Q1,2025
Cancer Science,1347-9032;1349-7006,Q1,2025
Cancer Treatment Reviews,0305-7372;1532-1967,Q1,2025
Cancers,2072-6694,Q1,2025
Cannabis and Cannabinoid Research,2378-8763,Q1,2025
Carcinogenesis,0143-3334;1460-2180,Q1,2025
Cardiac Failure Review,2057-7540;2057-7559,Q1,2025
Cardiology and Therapy,2193-6544;2193-8261,Q1,2025
CardioRenal Medicine,1664-3828;1664-5502,Q1,2025
CardioVascular and Interventional Radiology,0174-1551;1432-086X,Q1,2025
Cardiovascular Diabetology,1475-2840,Q1,2025
Cardiovascular Digital Health Journal,2666-6936,Q1,2025
Cardiovascular Drugs and Therapy,0920-3206;1573-7241,Q1,2025
Cardiovascular Pathology,1054-8807;1879-1336,Q1,2025
Cardiovascular Research,0008-6363;1755-3245,Q1,2025
Catheterization and Cardiovascular Interventions,1522-1946;1522-726X,Q1,2025
Cell and Tissue Research,0302-766X;1432-0878,Q1,2025
Cell Biology International,1065-6995;1095-8355,Q1,2025
Cell Cycle,1538-4101;1551-4005,Q1,2025
Cell Death and Disease,2041-4889,Q1,2025
Cell Proliferation,0960-7722;1365-2184,Q1,2025
Cell Reports Methods,2667-2375,Q1,2025
Cell Systems,2405-4712;2405-4720,Q1,2025
Cell Transplantation,0963-6897;1555-3892,Q1,2025
Cells Tissues Organs,1422-6405;1422-6421,Q1,2025
Cellular and Molecular Gastroenterology and Hepatology,2352-345X,Q1,2025
Cellular and Molecular Immunology,1672-7681;2042-0226,Q1,2025
Cellular and Molecular Neurobiology,0272-4340;1573-6830,Q1,2025
Cellular Oncology,2211-3428;2211-3436,Q1,2025
Cephalalgia,0333-1024;1468-2982,Q1,2025
Cerebellum,1473-4222;1473-4230,Q1,2025
Cerebral Circulation - Cognition and Behavior,2666-2450,Q1,2025
Channels,1933-6950;1933-6969,Q1,2025
Chem,2451-9294;2451-9308,Q1,2025
Chemical and Biomedical Imaging,2832-3637,Q1,2025
Chemical Record,1527-8999;1528-0691,Q1,2025
Chemical Research in Toxicology,0893-228X;1520-5010,Q1,2025
Chemico-Biological Interactions,0009-2797;1872-7786,Q1,2025
Chemosphere,0045-6535;1879-1298,Q1,2025
Chest,0012-3692;1931-3543,Q1,2025
CHEST Pulmonary,2949-7892,Q1,2025
Child Abuse and Neglect,0145-2134;1873-7757,Q1,2025
Child and Adolescent Mental Health,1475-357X;1475-3588,Q1,2025
Child and Adolescent Psychiatric Clinics of North America,1056-4993;1558-0490,Q1,2025
Child and Adolescent Psychiatry and Mental Health,1753-2000,Q1,2025
Child Development,0009-3920;1467-8624,Q1,2025
Child Development Perspectives,1750-8592;1750-8606,Q1,2025
Child Maltreatment,1077-5595;1552-6119,Q1,2025
Child Psychiatry and Human Development,0009-398X;1573-3327,Q1,2025
"Child: Care, Health and Development",0305-1862;1365-2214,Q1,2025
Childhood Obesity,2153-2168;2153-2176,Q1,2025
Children,2227-9067,Q1,2025
Chinese Herbal Medicines,1674-6384,Q1,2025
Chinese Journal of Cancer Research,1000-9604;1993-0631,Q1,2025
Chinese Journal of Integrative Medicine,1672-0415;1993-0402,Q1,2025
Chinese Journal of Natural Medicines,1875-5364;2095-6975,Q1,2025
Chinese Medical Journal,0366-6999;2542-5641,Q1,2025
Chinese Medical Journal Pulmonary and Critical Care Medicine,2097-1982;2772-5588,Q1,2025
Chinese Medicine (United Kingdom),1749-8546;1991-0150,Q1,2025
Chiropractic and Manual Therapies,2045-709X,Q1,2025
Chromosoma,0009-5915;1432-0886,Q1,2025
Chronic Stress,2470-5470,Q1,2025
CiOS Clinics in Orthopedic Surgery,2005-291X;2005-4408,Q1,2025
Circulation,0009-7322;1524-4539,Q1,2025
Circulation Journal,1346-9843;1347-4820,Q1,2025
Circulation Research,0009-7330;1524-4571,Q1,2025
Circulation: Arrhythmia and Electrophysiology,1941-3084;1941-3149,Q1,2025
Circulation: Cardiovascular Imaging,1941-9651;1942-0080,Q1,2025
Circulation: Cardiovascular Interventions,1941-7632;1941-7640,Q1,2025
Circulation: Cardiovascular Quality and Outcomes,1941-7705;1941-7713,Q1,2025
Circulation: Genomic and Precision Medicine,2574-8300,Q1,2025
Circulation: Heart Failure,1941-3289;1941-3297,Q1,2025
Cleft Palate Craniofacial Journal,1055-6656;1545-1569,Q1,2025
Climacteric,1369-7137;1473-0804,Q1,2025
Clinica Chimica Acta,0009-8981;1873-3492,Q1,2025
Clinical Anatomy,0897-3806;1098-2353,Q1,2025
Clinical and Experimental Hypertension,1064-1963;1525-6006,Q1,2025
Clinical and Experimental Immunology,0009-9104;1365-2249,Q1,2025
Clinical and Experimental Medicine,1591-8890;1591-9528,Q1,2025
Clinical and Experimental Metastasis,0262-0898;1573-7276,Q1,2025
Clinical and Experimental Ophthalmology,1442-6404;1442-9071,Q1,2025
Clinical and Experimental Otorhinolaryngology,1976-8710;2005-0720,Q1,2025
Clinical and Experimental Pediatrics,2713-4148,Q1,2025
Clinical and Molecular Hepatology,2287-2728;2287-285X,Q1,2025
Clinical and Translational Allergy,2045-7022,Q1,2025
Clinical and Translational Gastroenterology,2155-384X,Q1,2025
Clinical and Translational Medicine,2001-1326,Q1,2025
Clinical and Translational Radiation Oncology,2405-6308,Q1,2025
Clinical and Translational Science,1752-8054;1752-8062,Q1,2025
Clinical Autonomic Research,0959-9851;1619-1560,Q1,2025
Clinical Cancer Research,1078-0432;1557-3265,Q1,2025
Clinical Chemistry,0009-9147;1530-8561,Q1,2025
Clinical Chemistry and Laboratory Medicine,1434-6621;1437-4331,Q1,2025
Clinical Child and Family Psychology Review,1096-4037;1573-2827,Q1,2025
Clinical Child Psychology and Psychiatry,1359-1045;1461-7021,Q1,2025
Clinical Diabetes,0891-8929,Q1,2025
Clinical Epidemiology,1179-1349,Q1,2025
Clinical Epigenetics,1868-7075;1868-7083,Q1,2025
Clinical Gastroenterology and Hepatology,1542-3565;1542-7714,Q1,2025
Clinical Genitourinary Cancer,1558-7673;1938-0682,Q1,2025
Clinical Hypertension,2056-5909,Q1,2025
Clinical Infectious Diseases,1058-4838;1537-6591,Q1,2025
Clinical Interventions in Aging,1176-9092;1178-1998,Q1,2025
Clinical Journal of Pain,0749-8047;1536-5409,Q1,2025
Clinical Journal of the American Society of Nephrology,1555-9041;1555-905X,Q1,2025
Clinical Kidney Journal,2048-8505;2048-8513,Q1,2025
Clinical Lung Cancer,1525-7304;1938-0690,Q1,2025
Clinical Microbiology and Infection,1198-743X;1469-0691,Q1,2025
Clinical Microbiology Reviews,0893-8512;1098-6618,Q1,2025
Clinical Neurophysiology,1388-2457;1872-8952,Q1,2025
Clinical Neuroradiology,1869-1439;1869-1447,Q1,2025
Clinical Nutrition,0261-5614;1532-1983,Q1,2025
Clinical Oncology,0936-6555;1433-2981,Q1,2025
Clinical Ophthalmology,1177-5467;1177-5483,Q1,2025
Clinical Orthopaedics and Related Research,0009-921X;1528-1132,Q1,2025
Clinical Otolaryngology,1749-4478;1749-4486,Q1,2025
Clinical Pharmacokinetics,0312-5963;1179-1926,Q1,2025
Clinical Pharmacology and Therapeutics,0009-9236;1532-6535,Q1,2025
Clinical Psychology and Psychotherapy,1063-3995;1099-0879,Q1,2025
Clinical Psychology Review,0272-7358;1873-7811,Q1,2025
Clinical Psychopharmacology and Neuroscience,1738-1088;2093-4327,Q1,2025
Clinical Rehabilitation,0269-2155;1477-0873,Q1,2025
Clinical Research in Cardiology,1861-0684;1861-0692,Q1,2025
Clinical Reviews in Allergy and Immunology,1080-0549;1559-0267,Q1,2025
Clinical Science,0143-5221;1470-8736,Q1,2025
Clinical Spine Surgery,2380-0186;2380-0194,Q1,2025
Clinical Therapeutics,0149-2918;1879-114X,Q1,2025
Clinical Toxicology,1556-3650;1556-9519,Q1,2025
Clinical Trials,1740-7745;1740-7753,Q1,2025
Clinics in Chest Medicine,0272-5231;1557-8216,Q1,2025
Clinics in Perinatology,0095-5108;1557-9840,Q1,2025
Clinics in Plastic Surgery,0094-1298;1558-0504,Q1,2025
Clinics in Shoulder and Elbow,2288-8721;2383-8337,Q1,2025
CMAJ Open,2291-0026,Q1,2025
CNS Drugs,1172-7047;1179-1934,Q1,2025
CNS Neuroscience and Therapeutics,1755-5930;1755-5949,Q1,2025
CNS Spectrums,1092-8529;2165-6509,Q1,2025
Cochrane Database of Systematic Reviews,1469-493X,Q1,2025
Cold Spring Harbor Perspectives in Medicine,2157-1422,Q1,2025
Colloids and Surfaces B: Biointerfaces,0927-7765;1873-4367,Q1,2025
Communications Biology,2399-3642,Q1,2025
Communications Medicine,2730-664X,Q1,2025
Comparative Biochemistry and Physiology Part - C: Toxicology and Pharmacology,1532-0456;1878-1659,Q1,2025
Complementary Therapies in Clinical Practice,1744-3881,Q1,2025
Complementary Therapies in Medicine,0965-2299;1873-6963,Q1,2025
Comprehensive Physiology,2040-4603,Q1,2025
Comprehensive Psychiatry,0010-440X;1532-8384,Q1,2025
Computer Methods and Programs in Biomedicine,0169-2607;1872-7565,Q1,2025
Computer Methods and Programs in Biomedicine Update,2666-9900,Q1,2025
Computerized Medical Imaging and Graphics,0895-6111;1879-0771,Q1,2025
Computers in Biology and Medicine,0010-4825;1879-0534,Q1,2025
Conflict and Health,1752-1505,Q1,2025
Conservation Biology,0888-8892;1523-1739,Q1,2025
Contact Dermatitis,0105-1873;1600-0536,Q1,2025
Contact Lens and Anterior Eye,1367-0484;1476-5411,Q1,2025
Contemporary Clinical Trials,1551-7144;1559-2030,Q1,2025
Contemporary Drug Problems,0091-4509,Q1,2025
Contraception,0010-7824;1879-0518,Q1,2025
Cornea,0277-3740;1536-4798,Q1,2025
Cortex,0010-9452;1973-8102,Q1,2025
Cosmetics,2079-9284,Q1,2025
CPT: Pharmacometrics and Systems Pharmacology,2163-8306,Q1,2025
Criminal Justice and Behavior,0093-8548;1552-3594,Q1,2025
Criminology,0011-1384;1745-9125,Q1,2025
Critical Care,1364-8535;1466-609X,Q1,2025
Critical Care and Resuscitation,1441-2772;2652-9335,Q1,2025
Critical Care Explorations,2639-8028,Q1,2025
Critical Care Medicine,0090-3493;1530-0293,Q1,2025
Critical Reviews in Biotechnology,0738-8551;1549-7801,Q1,2025
Critical Reviews in Clinical Laboratory Sciences,1040-8363;1549-781X,Q1,2025
Critical Reviews in Food Science and Nutrition,1040-8398;1549-7852,Q1,2025
Critical Reviews in Microbiology,1040-841X;1549-7828,Q1,2025
Critical Reviews in Oncology/Hematology,1040-8428;1879-0461,Q1,2025
Crohn's and Colitis 360,2631-827X,Q1,2025
Current Addiction Reports,2196-2952,Q1,2025
Current Allergy and Asthma Reports,1529-7322;1534-6315,Q1,2025
Current Atherosclerosis Reports,1523-3804;1534-6242,Q1,2025
Current Cardiology Reports,1523-3782;1534-3170,Q1,2025
Current Clinical Microbiology Reports,2196-5471,Q1,2025
Current Developments in Nutrition,2475-2991,Q1,2025
Current Diabetes Reports,1534-4827;1539-0829,Q1,2025
Current Environmental Health Reports,2196-5412,Q1,2025
Current Gastroenterology Reports,1522-8037;1534-312X,Q1,2025
Current Heart Failure Reports,1546-9530;1546-9549,Q1,2025
Current Hematologic Malignancy Reports,1558-8211;1558-822X,Q1,2025
Current HIV/AIDS Reports,1548-3568;1548-3576,Q1,2025
Current Hypertension Reports,1522-6417;1534-3111,Q1,2025
Current Neurology and Neuroscience Reports,1528-4042;1534-6293,Q1,2025
Current Neuropharmacology,1570-159X;1875-6190,Q1,2025
Current Obesity Reports,2162-4968,Q1,2025
Current Oncology Reports,1523-3790;1534-6269,Q1,2025
Current Opinion in Behavioral Sciences,2352-1546;2352-1554,Q1,2025
Current Opinion in Clinical Nutrition and Metabolic Care,1363-1950;1473-6519,Q1,2025
Current Opinion in Critical Care,1070-5295;1531-7072,Q1,2025
"Current Opinion in Endocrinology, Diabetes and Obesity",1752-296X;1752-2978,Q1,2025
Current Opinion in Environmental Science and Health,2468-5844,Q1,2025
Current Opinion in Hematology,1065-6251;1531-7048,Q1,2025
Current Opinion in HIV and AIDS,1746-630X;1746-6318,Q1,2025
Current Opinion in Immunology,0952-7915;1879-0372,Q1,2025
Current Opinion in Infectious Diseases,0951-7375;1473-6527,Q1,2025
Current Opinion in Lipidology,0957-9672;1473-6535,Q1,2025
Current Opinion in Microbiology,1369-5274;1879-0364,Q1,2025
Current Opinion in Nephrology and Hypertension,1062-4821;1473-6543,Q1,2025
Current Opinion in Neurology,1350-7540;1473-6551,Q1,2025
Current Opinion in Ophthalmology,1040-8738;1531-7021,Q1,2025
Current Opinion in Pediatrics,1040-8703;1531-698X,Q1,2025
Current Opinion in Psychiatry,0951-7367;1473-6578,Q1,2025
Current Opinion in Rheumatology,1040-8711;1531-6963,Q1,2025
Current Osteoporosis Reports,1544-1873;1544-2241,Q1,2025
Current Pain and Headache Reports,1531-3433;1534-3081,Q1,2025
Current Problems in Pediatric and Adolescent Health Care,1538-3199;1538-5442,Q1,2025
Current Psychiatry Reports,1523-3812;1535-1645,Q1,2025
Current Research in Microbial Sciences,2666-5174,Q1,2025
Current Research in Neurobiology,2665-945X,Q1,2025
Current Reviews in Musculoskeletal Medicine,1935-973X;1935-9748,Q1,2025
Current Rheumatology Reports,1523-3774;1534-6307,Q1,2025
Current Trauma Reports,2198-6096,Q1,2025
Current Treatment Options in Oncology,1527-2729;1534-6277,Q1,2025
Current Treatment Options in Psychiatry,2196-3061,Q1,2025
Current Urology Reports,1527-2737;1534-6285,Q1,2025
Curriculum Studies in Health and Physical Education,2574-2981;2574-299X,Q1,2025
"Cyberpsychology, Behavior, and Social Networking",2152-2715;2152-2723,Q1,2025
Cytokine,1043-4666;1096-0023,Q1,2025
Cytokine and Growth Factor Reviews,1359-6101;1879-0305,Q1,2025
Cytokine: X,2590-1532,Q1,2025
Cytometry Part A,1552-4922;1552-4930,Q1,2025
Cytometry Part B - Clinical Cytometry,1552-4949;1552-4957,Q1,2025
Cytotherapy,1465-3249;1477-2566,Q1,2025
Database : the journal of biological databases and curation,1758-0463,Q1,2025
Dementia,1471-3012;1741-2684,Q1,2025
Dental and Medical Problems,1644-387X;2300-9020,Q1,2025
Dentomaxillofacial Radiology,0250-832X;1476-542X,Q1,2025
Depression and Anxiety,1091-4269;1520-6394,Q1,2025
Dermatologic Clinics,0733-8635;1558-0520,Q1,2025
Dermatologic Therapy,1396-0296;1529-8019,Q1,2025
Dermatology,1018-8665;1421-9832,Q1,2025
Dermatology and Therapy,2190-9172;2193-8210,Q1,2025
Development and Psychopathology,0954-5794;1469-2198,Q1,2025
Developmental Medicine and Child Neurology,0012-1622;1469-8749,Q1,2025
Developmental Review,0273-2297;1090-2406,Q1,2025
Diabetes,0012-1797;1939-327X,Q1,2025
Diabetes and Metabolic Syndrome: Clinical Research and Reviews,1871-4021;1878-0334,Q1,2025
Diabetes and Metabolism,1262-3636;1878-1780,Q1,2025
Diabetes and Metabolism Journal,2233-6079;2233-6087,Q1,2025
Diabetes Care,0149-5992;1935-5548,Q1,2025
Diabetes Research and Clinical Practice,0168-8227;1872-8227,Q1,2025
Diabetes Spectrum,1040-9165;1944-7353,Q1,2025
Diabetes Technology and Therapeutics,1520-9156;1557-8593,Q1,2025
Diabetes Therapy,1869-6953;1869-6961,Q1,2025
"Diabetes, Obesity and Metabolism",1462-8902;1463-1326,Q1,2025
Diabetes/Metabolism Research and Reviews,1520-7552;1520-7560,Q1,2025
Diabetic Medicine,0742-3071;1464-5491,Q1,2025
Diabetologia,0012-186X;1432-0428,Q1,2025
Diabetology and Metabolic Syndrome,1758-5996,Q1,2025
Diagnostic and Interventional Imaging,2211-5684,Q1,2025
Diagnostic Pathology,1746-1596,Q1,2025
Dialogues in Clinical Neuroscience,1294-8322;1958-5969,Q1,2025
Digestive and Liver Disease,1590-8658;1878-3562,Q1,2025
Digestive Endoscopy,0915-5635;1443-1661,Q1,2025
Digital Health,2055-2076,Q1,2025
Disability and Health Journal,1876-7583;1936-6574,Q1,2025
Disability and Rehabilitation,0963-8288;1464-5165,Q1,2025
Disability and Rehabilitation: Assistive Technology,1748-3107;1748-3115,Q1,2025
Diseases,2079-9721,Q1,2025
DMM Disease Models and Mechanisms,1754-8403;1754-8411,Q1,2025
DNA Research,1340-2838;1756-1663,Q1,2025
Drug and Alcohol Dependence,0376-8716;1879-0046,Q1,2025
Drug and Alcohol Review,0959-5236;1465-3362,Q1,2025
Drug Delivery,1071-7544;1521-0464,Q1,2025
Drug Resistance Updates,1368-7646;1532-2084,Q1,2025
Drug Safety,0114-5916;1179-1942,Q1,2025
Drugs,0012-6667;1179-1950,Q1,2025
Drugs and Aging,1170-229X;1179-1969,Q1,2025
Dysphagia,0179-051X;1432-0460,Q1,2025
Ear and Hearing,0196-0202;1538-4667,Q1,2025
Early Human Development,0378-3782;1872-6232,Q1,2025
Eating Disorders,1064-0266;1532-530X,Q1,2025
eBioMedicine,2352-3964,Q1,2025
Echo Research and Practice,2055-0464,Q1,2025
eClinicalMedicine,2589-5370,Q1,2025
Ecotoxicology,0963-9292;1573-3017,Q1,2025
Ecotoxicology and Environmental Safety,0147-6513;1090-2414,Q1,2025
EFORT Open Reviews,2058-5241;2396-7544,Q1,2025
eGastroenterology,2766-0125;2976-7296,Q1,2025
EJNMMI Physics,2197-7364,Q1,2025
EJNMMI Research,2191-219X,Q1,2025
eLife,2050-084X,Q1,2025
EMBO Journal,0261-4189;1460-2075,Q1,2025
Emergencias,1137-6821;2386-5857,Q1,2025
Emergency Medicine Journal,1472-0205;1472-0213,Q1,2025
Emerging Contaminants,2405-6642;2405-6650,Q1,2025
Emerging Infectious Diseases,1080-6040;1080-6059,Q1,2025
Emerging Microbes and Infections,2222-1751,Q1,2025
Emotion,1528-3542;1931-1516,Q1,2025
Endocrine Pathology,1046-3976;1559-0097,Q1,2025
Endocrine Practice,1530-891X;1934-2403,Q1,2025
Endocrine Reviews,0163-769X;1945-7189,Q1,2025
Endocrine-Related Cancer,1351-0088;1479-6821,Q1,2025
Endocrinology and Metabolism,2093-596X;2093-5978,Q1,2025
Endocrinology and Metabolism Clinics of North America,0889-8529;1558-4410,Q1,2025
Endoscopic Ultrasound,2226-7190;2303-9027,Q1,2025
eNeuro,2373-2822,Q1,2025
Engineered Regeneration,2666-1381,Q1,2025
Environmental Epidemiology,2474-7882,Q1,2025
Environmental Geochemistry and Health,0269-4042;1573-2983,Q1,2025
Environmental Health Perspectives,0091-6765;1552-9924,Q1,2025
Environmental Health: A Global Access Science Source,1476-069X,Q1,2025
Environmental Pollution,0269-7491;1873-6424,Q1,2025
Environmental Research,0013-9351;1096-0953,Q1,2025
Environmental Research Letters,1748-9326,Q1,2025
Environmental Research: Health,2752-5309,Q1,2025
Environmental Science and Pollution Research,0944-1344;1614-7499,Q1,2025
Environmental Science and Technology,0013-936X;1520-5851,Q1,2025
Environmental Science: Processes and Impacts,2050-7887;2050-7895,Q1,2025
Environmental Toxicology and Pharmacology,1382-6689;1872-7077,Q1,2025
Epidemics,1755-4365;1878-0067,Q1,2025
Epidemiologic Reviews,0193-936X;1478-6729,Q1,2025
Epidemiology,1044-3983;1531-5487,Q1,2025
Epidemiology and Health,2092-7193,Q1,2025
Epidemiology and Psychiatric Sciences,2045-7960;2045-7979,Q1,2025
Epigenetics,1559-2294;1559-2308,Q1,2025
Epilepsia,0013-9580;1528-1167,Q1,2025
EPMA Journal,1878-5077;1878-5085,Q1,2025
ERJ Open Research,2312-0541,Q1,2025
ESMO Open,2059-7029,Q1,2025
Esophagus,1612-9059;1612-9067,Q1,2025
Ethnicity and Health,1355-7858;1465-3419,Q1,2025
EuroIntervention,1774-024X;1969-6213,Q1,2025
Europace,1099-5129;1532-2092,Q1,2025
European Archives of Oto-Rhino-Laryngology,0937-4477;1434-4726,Q1,2025
European archives of paediatric dentistry : official journal of the European Academy of Paediatric Dentistry,1818-6300;1996-9805,Q1,2025
European Archives of Psychiatry and Clinical Neuroscience,0940-1334;1433-8491,Q1,2025
European Cardiology Review,1758-3756;1758-3764,Q1,2025
European Child and Adolescent Psychiatry,1018-8827;1435-165X,Q1,2025
European Eating Disorders Review,1072-4133;1099-0968,Q1,2025
European Heart Journal,0195-668X;1522-9645,Q1,2025
European Heart Journal - Cardiovascular Pharmacotherapy,2055-6837;2055-6845,Q1,2025
European Heart Journal - Digital Health,2634-3916,Q1,2025
European Heart Journal - Quality of Care and Clinical Outcomes,2058-1742;2058-5225,Q1,2025
European Heart Journal Cardiovascular Imaging,2047-2404;2047-2412,Q1,2025
European Heart Journal Open,2752-4191,Q1,2025
European Heart Journal: Acute Cardiovascular Care,2048-8726;2048-8734,Q1,2025
European Journal of Ageing,1613-9372;1613-9380,Q1,2025
European Journal of Anaesthesiology,0265-0215;1365-2346,Q1,2025
European Journal of Applied Physiology,1439-6319;1439-6327,Q1,2025
European Journal of Cancer,0959-8049;1879-0852,Q1,2025
European Journal of Cardio-thoracic Surgery,1010-7940;1873-734X,Q1,2025
European Journal of Cardiovascular Nursing,1474-5151;1873-1953,Q1,2025
European Journal of Cell Biology,0171-9335;1618-1298,Q1,2025
European Journal of Clinical Investigation,0014-2972;1365-2362,Q1,2025
European Journal of Clinical Microbiology and Infectious Diseases,0934-9723;1435-4373,Q1,2025
European Journal of Clinical Nutrition,0954-3007;1476-5640,Q1,2025
European Journal of Emergency Medicine,0969-9546;1473-5695,Q1,2025
European Journal of Endocrinology,0804-4643;1479-683X,Q1,2025
European Journal of Epidemiology,0393-2990;1573-7284,Q1,2025
European Journal of General Practice,1381-4788;1751-1402,Q1,2025
European Journal of Haematology,0902-4441;1600-0609,Q1,2025
European Journal of Health Economics,1618-7598;1618-7601,Q1,2025
European Journal of Heart Failure,1388-9842;1879-0844,Q1,2025
European Journal of Human Genetics,1018-4813;1476-5438,Q1,2025
European Journal of Immunology,0014-2980;1521-4141,Q1,2025
European Journal of Internal Medicine,0953-6205;1879-0828,Q1,2025
European Journal of Medicinal Chemistry,0223-5234;1768-3254,Q1,2025
European Journal of Neurology,1351-5101;1468-1331,Q1,2025
European Journal of Nuclear Medicine and Molecular Imaging,1619-7070;1619-7089,Q1,2025
European Journal of Nutrition,1436-6207;1436-6215,Q1,2025
European Journal of Oncology Nursing,1462-3889;1532-2122,Q1,2025
European Journal of Orthopaedic Surgery and Traumatology,1432-1068;1633-8065,Q1,2025
European Journal of Paediatric Neurology,1090-3798;1532-2130,Q1,2025
European Journal of Pain,1090-3801;1532-2149,Q1,2025
European Journal of Pediatrics,0340-6199;1432-1076,Q1,2025
European Journal of Physical and Rehabilitation Medicine,1973-9087;1973-9095,Q1,2025
European Journal of Preventive Cardiology,2047-4873;2047-4881,Q1,2025
European Journal of Psychotraumatology,2000-8066,Q1,2025
European Journal of Public Health,1101-1262;1464-360X,Q1,2025
European Journal of Radiology,0720-048X;1872-7727,Q1,2025
European Journal of Radiology Open,2352-0477,Q1,2025
European Journal of Sport Science,1536-7290;1746-1391,Q1,2025
European Journal of Surgical Oncology,0748-7983;1532-2157,Q1,2025
European Journal of Trauma and Emergency Surgery,1863-9933;1863-9941,Q1,2025
European Journal of Vascular and Endovascular Surgery,1078-5884;1532-2165,Q1,2025
European Neuropsychopharmacology,0924-977X;1873-7862,Q1,2025
European Physical Education Review,1356-336X;1741-2749,Q1,2025
European Psychiatry,0924-9338;1778-3585,Q1,2025
European Radiology,0938-7994;1432-1084,Q1,2025
European Radiology Experimental,2509-9280,Q1,2025
European Respiratory Journal,0903-1936;1399-3003,Q1,2025
European Respiratory Review,0905-9180;1600-0617,Q1,2025
European Review of Aging and Physical Activity,1813-7253;1861-6909,Q1,2025
European Spine Journal,0940-6719;1432-0932,Q1,2025
European Stroke Journal,2396-9873;2396-9881,Q1,2025
European Thyroid Journal,2235-0640;2235-0802,Q1,2025
European Urology,0302-2838;1873-7560,Q1,2025
European Urology Focus,2405-4569,Q1,2025
European Urology Oncology,2588-9311,Q1,2025
European Urology Open Science,2666-1683;2666-1691,Q1,2025
Eurosurveillance,1025-496X;1560-7917,Q1,2025
Evolutionary Anthropology,1060-1538;1520-6505,Q1,2025
Exercise and Sport Sciences Reviews,0091-6331;1538-3008,Q1,2025
Exercise Immunology Review,1077-5552,Q1,2025
Experimental and Molecular Medicine,1226-3613;2092-6413,Q1,2025
Experimental and Molecular Pathology,0014-4800;1096-0945,Q1,2025
Experimental Biology and Medicine,1535-3699;1535-3702,Q1,2025
Experimental Dermatology,0906-6705;1600-0625,Q1,2025
Experimental Eye Research,0014-4835;1096-0007,Q1,2025
Experimental Hematology and Oncology,2162-3619,Q1,2025
Expert Opinion on Drug Metabolism and Toxicology,1742-5255;1744-7607,Q1,2025
Expert Opinion on Investigational Drugs,1354-3784;1744-7658,Q1,2025
Expert Opinion on Therapeutic Patents,1354-3776;1744-7674,Q1,2025
Expert Review of Anti-Infective Therapy,1478-7210;1744-8336,Q1,2025
Expert Review of Molecular Diagnostics,1473-7159;1744-8352,Q1,2025
Expert Review of Neurotherapeutics,1473-7175;1744-8360,Q1,2025
Exposure and Health,2451-9685;2451-9766,Q1,2025
Eye (Basingstoke),0950-222X;1476-5454,Q1,2025
Eye and Contact Lens,1542-2321;1542-233X,Q1,2025
Eye and Vision,2326-0254,Q1,2025
F and S Reviews,2666-5719,Q1,2025
Facial Plastic Surgery and Aesthetic Medicine,2689-3614;2689-3622,Q1,2025
Facial Plastic Surgery Clinics of North America,1064-7406;1558-1926,Q1,2025
Family Medicine and Community Health,2009-8774;2305-6983,Q1,2025
Family Practice,0263-2136;1460-2229,Q1,2025
Faraday Discussions,1359-6640;1364-5498,Q1,2025
FASEB Journal,0892-6638;1530-6860,Q1,2025
FEMS Microbiology Reviews,0168-6445;1574-6976,Q1,2025
Fertility and Sterility,0015-0282;1556-5653,Q1,2025
Fetal Diagnosis and Therapy,1015-3837;1421-9964,Q1,2025
Fish and Shellfish Immunology,1050-4648;1095-9947,Q1,2025
Fluids and Barriers of the CNS,2045-8118,Q1,2025
Food and Function,2042-6496;2042-650X,Q1,2025
Food and Nutrition Research,1654-661X;1654-6628,Q1,2025
Food Chemistry,0308-8146;1873-7072,Q1,2025
Food Packaging and Shelf Life,2214-2894,Q1,2025
"Food Production, Processing and Nutrition",2661-8974,Q1,2025
Foot and Ankle International,1071-1007;1944-7876,Q1,2025
Foot and Ankle Surgery,1268-7731;1460-9584,Q1,2025
Forensic Science International: Digital Investigation,2666-2817;2666-2825,Q1,2025
Forensic Science International: Genetics,1872-4973;1878-0326,Q1,2025
Forensic Science International: Synergy,2589-871X,Q1,2025
Free Radical Biology and Medicine,0891-5849;1873-4596,Q1,2025
Frontiers in Bioengineering and Biotechnology,2296-4185,Q1,2025
Frontiers in Bioscience - Landmark,2768-6698;2768-6701,Q1,2025
Frontiers in Cardiovascular Medicine,2297-055X,Q1,2025
Frontiers in Cellular and Infection Microbiology,2235-2988,Q1,2025
Frontiers in Digital Health,2673-253X,Q1,2025
Frontiers in Endocrinology,1664-2392,Q1,2025
Frontiers in Fungal Biology,2673-6128,Q1,2025
Frontiers in Health Services,2813-0146,Q1,2025
Frontiers in Immunology,1664-3224,Q1,2025
Frontiers in Medical Technology,2673-3129,Q1,2025
Frontiers in Medicine,2296-858X,Q1,2025
Frontiers in Microbiology,1664-302X,Q1,2025
Frontiers in Neuroanatomy,1662-5129,Q1,2025
Frontiers in Pain Research,2673-561X,Q1,2025
Frontiers in Pediatrics,2296-2360,Q1,2025
Frontiers in Pharmacology,1663-9812,Q1,2025
Frontiers in Psychiatry,1664-0640,Q1,2025
Frontiers in Public Health,2296-2565,Q1,2025
Frontiers in Radiology,2673-8740,Q1,2025
Frontiers in Reproductive Health,2673-3153,Q1,2025
Frontiers of Medicine,2095-0217;2095-0225,Q1,2025
Future Oncology,1479-6694;1744-8301,Q1,2025
GaBI Journal,2033-6403;2033-6772,Q1,2025
Gait and Posture,0966-6362;1879-2219,Q1,2025
Games for Health Journal,2161-783X;2161-7856,Q1,2025
Gastric Cancer,1436-3291;1436-3305,Q1,2025
Gastroenterology,0016-5085;1528-0012,Q1,2025
Gastroenterology Clinics of North America,0889-8553;1558-1942,Q1,2025
Gastrointestinal Endoscopy,0016-5107;1097-6779,Q1,2025
General Hospital Psychiatry,0163-8343;1873-7714,Q1,2025
General Psychiatry,2096-5923;2517-729X,Q1,2025
Genes and Diseases,2352-3042;2352-4820,Q1,2025
Genes and Immunity,1466-4879;1476-5470,Q1,2025
Genetic Epidemiology,0741-0395;1098-2272,Q1,2025
Genetics in Medicine,1098-3600;1530-0366,Q1,2025
Genetics Selection Evolution,0999-193X;1297-9686,Q1,2025
Genome Medicine,1756-994X,Q1,2025
Genome Research,1088-9051;1549-5469,Q1,2025
"Genomics, Proteomics and Bioinformatics",1672-0229;2210-3244,Q1,2025
GeoHealth,2471-1403,Q1,2025
Gerontologist,0016-9013;1758-5341,Q1,2025
GeroScience,2509-2715;2509-2723,Q1,2025
GigaScience,2047-217X,Q1,2025
Global Health Action,1654-9716;1654-9880,Q1,2025
Global Health Research and Policy,2397-0642,Q1,2025
Global Health Science and Practice,2169-575X,Q1,2025
Global Heart,2211-8160;2211-8179,Q1,2025
Global Mental Health,2054-4251,Q1,2025
Global Spine Journal,2192-5682;2192-5690,Q1,2025
Globalization and Health,1744-8603,Q1,2025
"Gout, Urate, and Crystal Deposition Disease",2813-4583,Q1,2025
Graefe's Archive for Clinical and Experimental Ophthalmology,0721-832X;1435-702X,Q1,2025
Gut,0017-5749;1468-3288,Q1,2025
Gut and Liver,1976-2283;2005-1212,Q1,2025
Gut Microbes,1949-0976;1949-0984,Q1,2025
Gut Pathogens,1757-4749,Q1,2025
Gynecologic Oncology,0090-8258;1095-6859,Q1,2025
Haematologica,0390-6078;1592-8721,Q1,2025
Haemophilia,1351-8216;1365-2516,Q1,2025
Hand,1558-9447;1558-9455,Q1,2025
Harm Reduction Journal,1477-7517,Q1,2025
Head and Face Medicine,1746-160X,Q1,2025
Head and Neck,1043-3074;1097-0347,Q1,2025
Head and Neck Pathology,1936-055X;1936-0568,Q1,2025
Health Affairs,0278-2715;1544-5208,Q1,2025
Health Affairs Scholar,2976-5390,Q1,2025
Health and Place,1353-8292;1873-2054,Q1,2025
Health and Quality of Life Outcomes,1477-7525,Q1,2025
Health and Social Care in the Community,0966-0410;1365-2524,Q1,2025
Health Care Science,2771-1749;2771-1757,Q1,2025
Health Economics (United Kingdom),1057-9230;1099-1050,Q1,2025
Health Economics Review,2191-1991,Q1,2025
Health Equity,2473-1242,Q1,2025
Health Expectations,1369-6513;1369-7625,Q1,2025
Health Information Management Journal,1833-3575;1833-3583,Q1,2025
Health Policy,0168-8510;1872-6054,Q1,2025
Health Policy and Planning,0268-1080;1460-2237,Q1,2025
"Health Promotion and Chronic Disease Prevention in Canada : Research, Policy and Practice",2368-738X,Q1,2025
Health Promotion International,0957-4824;1460-2245,Q1,2025
Health Promotion Perspectives,2228-6497,Q1,2025
Health Psychology,0278-6133;1930-7810,Q1,2025
Health Psychology Review,1743-7199;1743-7202,Q1,2025
Health Reports,0840-6529;1209-1367,Q1,2025
Health Research Policy and Systems,1478-4505,Q1,2025
Health Services Research,0017-9124;1475-6773,Q1,2025
Health systems in transition,1817-6119;1817-6127,Q1,2025
Health Technology Assessment,1366-5278;2046-4924,Q1,2025
Healthcare Analytics,2772-4425,Q1,2025
Healthcare Management Forum,0840-4704;2352-3883,Q1,2025
Heart,1355-6037;1468-201X,Q1,2025
Heart Failure Reviews,1382-4147;1573-7322,Q1,2025
Heart Rhythm,1547-5271;1556-3871,Q1,2025
Helicobacter,1083-4389;1523-5378,Q1,2025
HemaSphere,2572-9241,Q1,2025
Hematological Oncology,0278-0232;1099-1069,Q1,2025
Hematology (United States),1520-4383;1520-4391,Q1,2025
Hematology/Oncology Clinics of North America,0889-8588;1558-1977,Q1,2025
Hepatobiliary and Pancreatic Diseases International,1499-3872,Q1,2025
Hepatology,0270-9139;1527-3350,Q1,2025
Hepatology Communications,2471-254X,Q1,2025
Hepatology International,1936-0533;1936-0541,Q1,2025
Hepatology Research,1386-6346;1872-034X,Q1,2025
Hernia,1248-9204;1265-4906,Q1,2025
HIP International,1120-7000;1724-6067,Q1,2025
Histopathology,0309-0167;1365-2559,Q1,2025
HIV Medicine,1464-2662;1468-1293,Q1,2025
hLife,2949-9283,Q1,2025
Holistic Integrative Oncology,2731-4529,Q1,2025
Homicide Studies,1088-7679;1552-6720,Q1,2025
Hormone Research in Paediatrics,1663-2818;1663-2826,Q1,2025
Hospital Pediatrics,2154-1663;2154-1671,Q1,2025
HPB,1365-182X;1477-2574,Q1,2025
Human Brain Mapping,1065-9471;1097-0193,Q1,2025
Human Genetics,0340-6717;1432-1203,Q1,2025
Human Genetics and Genomics Advances,2666-2477,Q1,2025
Human Molecular Genetics,0964-6906;1460-2083,Q1,2025
Human Mutation,1059-7794;1098-1004,Q1,2025
Human Pathology,0046-8177;1532-8392,Q1,2025
Human Reproduction,0268-1161;1460-2350,Q1,2025
Human Reproduction Open,2399-3529,Q1,2025
Human Reproduction Update,1355-4786;1460-2369,Q1,2025
Human Resources for Health,1478-4491,Q1,2025
Human Vaccines and Immunotherapeutics,2164-5515;2164-554X,Q1,2025
Hypertension,0194-911X;1524-4563,Q1,2025
Hypertension Research,0916-9636;1348-4214,Q1,2025
IEEE Journal of Biomedical and Health Informatics,2168-2194;2168-2208,Q1,2025
"IEEE Journal of Electromagnetics, RF and Microwaves in Medicine and Biology",2469-7249,Q1,2025
IEEE Journal of Translational Engineering in Health and Medicine,2168-2372,Q1,2025
IEEE Transactions on Neural Systems and Rehabilitation Engineering,1534-4320;1558-0210,Q1,2025
Immune Network,1598-2629;2092-6685,Q1,2025
Immunity,1074-7613;1097-4180,Q1,2025
Immuno-Oncology and Technology,2590-0188,Q1,2025
ImmunoHorizons,2573-7732,Q1,2025
Immunological Reviews,0105-2896;1600-065X,Q1,2025
Immunology,0019-2805;1365-2567,Q1,2025
Implementation Science,1748-5908,Q1,2025
Implementation Science Communications,2662-2211,Q1,2025
Infancy,1525-0008;1532-7078,Q1,2025
Infant Mental Health Journal,0163-9641;1097-0355,Q1,2025
Infection,0300-8126;1439-0973,Q1,2025
Infection and Immunity,0019-9567;1098-5522,Q1,2025
Infection Control and Hospital Epidemiology,0899-823X;1559-6834,Q1,2025
Infectious Disease Clinics of North America,0891-5520;1557-9824,Q1,2025
Infectious Diseases and Therapy,2193-6382;2193-8229,Q1,2025
Infectious Diseases in Obstetrics and Gynecology,1064-7449;1098-0997,Q1,2025
Infectious Diseases of Poverty,2049-9957;2095-5162,Q1,2025
Infectious Medicine,2097-0684;2772-431X,Q1,2025
Inflammation,0360-3997;1573-2576,Q1,2025
Inflammation and Regeneration,1880-8190;1880-9693,Q1,2025
Inflammatory Bowel Diseases,1078-0998;1536-4844,Q1,2025
Inflammopharmacology,0925-4692;1568-5608,Q1,2025
Influenza and other Respiratory Viruses,1750-2640;1750-2659,Q1,2025
Informatics and Health,2949-9534,Q1,2025
Injury,0020-1383;1879-0267,Q1,2025
Insights into Imaging,1869-4101,Q1,2025
Integrated Environmental Assessment and Management,1551-3777;1551-3793,Q1,2025
Integrative Cancer Therapies,1534-7354;1552-695X,Q1,2025
Integrative Medicine Research,2213-4220;2213-4239,Q1,2025
Intelligent Medicine,2096-9376;2667-1026,Q1,2025
Intensive Care Medicine,0342-4642;1432-1238,Q1,2025
Intensive Care Medicine Experimental,2197-425X,Q1,2025
Interdisciplinary Medicine,2832-6237;2832-6245,Q1,2025
Internal and Emergency Medicine,1828-0447;1970-9366,Q1,2025
International Archives of Occupational and Environmental Health,0340-0131;1432-1246,Q1,2025
International Braz J Urol,1677-5538;1677-6119,Q1,2025
International Breastfeeding Journal,1746-4358,Q1,2025
International Forum of Allergy and Rhinology,2042-6976;2042-6984,Q1,2025
International Immunology,0953-8178;1460-2377,Q1,2025
International Immunopharmacology,1567-5769;1878-1705,Q1,2025
International Journal for Equity in Health,1475-9276,Q1,2025
International Journal of Alzheimer's Disease,2090-0252;2090-8024,Q1,2025
International Journal of Antimicrobial Agents,0924-8579;1872-7913,Q1,2025
International Journal of Behavioral Nutrition and Physical Activity,1479-5868,Q1,2025
International Journal of Bipolar Disorders,2194-7511,Q1,2025
International Journal of Cancer,0020-7136;1097-0215,Q1,2025
International Journal of Cardiology,0167-5273;1874-1754,Q1,2025
International Journal of Child Care and Education Policy,1976-5681;2288-6729,Q1,2025
International Journal of Clinical Oncology,1341-9625;1437-7772,Q1,2025
International Journal of Community Based Nursing and Midwifery,2322-2476;2322-4835,Q1,2025
International Journal of Consumer Studies,1470-6423;1470-6431,Q1,2025
International Journal of COPD,1176-9106;1178-2005,Q1,2025
International Journal of Dermatology,0011-9059;1365-4632,Q1,2025
International Journal of Drug Policy,0955-3959;1873-4758,Q1,2025
International Journal of Eating Disorders,0276-3478;1098-108X,Q1,2025
International Journal of Environmental Research and Public Health,1660-4601;1661-7827,Q1,2025
International Journal of Epidemiology,0300-5771;1464-3685,Q1,2025
International Journal of Food Contamination,2196-2804,Q1,2025
International Journal of Food Microbiology,0168-1605;1879-3460,Q1,2025
International Journal of Geriatric Psychiatry,0885-6230;1099-1166,Q1,2025
International Journal of Gynecological Cancer,1048-891X;1525-1438,Q1,2025
International Journal of Gynecological Pathology,0277-1691;1538-7151,Q1,2025
International Journal of Health Geographics,1476-072X,Q1,2025
International Journal of Health Policy and Management,2322-5939,Q1,2025
International Journal of Heart Failure,2636-154X;2636-1558,Q1,2025
International Journal of Hygiene and Environmental Health,1438-4639;1618-131X,Q1,2025
International Journal of Infectious Diseases,1201-9712;1878-3511,Q1,2025
International Journal of Integrated Care,1568-4156,Q1,2025
International Journal of Legal Medicine,0937-9827;1437-1596,Q1,2025
International Journal of Medical Informatics,1386-5056;1872-8243,Q1,2025
International Journal of Medical Microbiology,1438-4221;1618-0607,Q1,2025
International Journal of Medical Sciences,1449-1907,Q1,2025
International Journal of Mental Health Nursing,1445-8330;1447-0349,Q1,2025
International Journal of Mental Health Systems,1752-4458,Q1,2025
International Journal of Methods in Psychiatric Research,1049-8931;1557-0657,Q1,2025
International Journal of Molecular Medicine,1107-3756;1791-244X,Q1,2025
International Journal of Molecular Sciences,1422-0067;1661-6596,Q1,2025
International Journal of Nanomedicine,1176-9114;1178-2013,Q1,2025
International Journal of Neonatal Screening,2409-515X,Q1,2025
International Journal of Neural Systems,0129-0657;1793-6462,Q1,2025
International Journal of Neuropsychopharmacology,1461-1457;1469-5111,Q1,2025
International Journal of Obesity,0307-0565;1476-5497,Q1,2025
International Journal of Oncology,1019-6439;1791-2423,Q1,2025
International Journal of Oral and Maxillofacial Surgery,0901-5027;1399-0020,Q1,2025
International Journal of Public Health,1661-8556;1661-8564,Q1,2025
International Journal of Radiation Oncology Biology Physics,0360-3016;1879-355X,Q1,2025
International Journal of Retina and Vitreous,2056-9920,Q1,2025
International Journal of Social Psychiatry,0020-7640;1741-2854,Q1,2025
International Journal of Spine Surgery,2211-4599,Q1,2025
International Journal of Sport Nutrition and Exercise Metabolism,1526-484X;1543-2742,Q1,2025
International Journal of Sports Physical Therapy,2159-2896,Q1,2025
International Journal of Sports Physiology and Performance,1555-0265;1555-0273,Q1,2025
International Journal of Stroke,1747-4930;1747-4949,Q1,2025
International Journal of Technology Assessment in Health Care,0266-4623;1471-6348,Q1,2025
International Journal of Transgender Health,2689-5269;2689-5277,Q1,2025
International Orthopaedics,0341-2695;1432-5195,Q1,2025
International Psychogeriatrics,1041-6102;1741-203X,Q1,2025
International Reviews of Immunology,0883-0185;1563-5244,Q1,2025
International Wound Journal,1742-4801;1742-481X,Q1,2025
Internet Interventions,2214-7829,Q1,2025
Intestinal Research,1598-9100;2288-1956,Q1,2025
Investigative and Clinical Urology,2466-0493;2466-054X,Q1,2025
Investigative Ophthalmology and Visual Science,0146-0404;1552-5783,Q1,2025
Investigative Radiology,0020-9996;1536-0210,Q1,2025
Italian Journal of Pediatrics,1720-8424;1824-7288,Q1,2025
JAAD International,2666-3287,Q1,2025
JAC-Antimicrobial Resistance,2632-1823,Q1,2025
JACC: Advances,2772-963X,Q1,2025
JACC: Asia,2772-3747,Q1,2025
JACC: Basic to Translational Science,2452-302X,Q1,2025
JACC: CardioOncology,2666-0873,Q1,2025
JACC: Cardiovascular Imaging,1876-7591;1936-878X,Q1,2025
JACC: Cardiovascular Interventions,1876-7605;1936-8798,Q1,2025
JACC: Clinical Electrophysiology,2405-500X;2405-5018,Q1,2025
JACC: Heart Failure,2213-1779;2213-1787,Q1,2025
JACEP Open,2688-1152,Q1,2025
JAMA,0098-7484;1538-3598,Q1,2025
JAMA Cardiology,2380-6583;2380-6591,Q1,2025
JAMA Dermatology,2168-6068;2168-6084,Q1,2025
JAMA Health Forum,2689-0186,Q1,2025
JAMA Internal Medicine,2168-6106;2168-6114,Q1,2025
JAMA Network Open,2574-3805,Q1,2025
JAMA Neurology,2168-6149;2168-6157,Q1,2025
JAMA Oncology,2374-2437;2374-2445,Q1,2025
JAMA Ophthalmology,2168-6165;2168-6173,Q1,2025
JAMA Otolaryngology - Head and Neck Surgery,2168-6181;2168-619X,Q1,2025
JAMA Pediatrics,2168-6203;2168-6211,Q1,2025
JAMA Psychiatry,2168-622X;2168-6238,Q1,2025
JAMA Surgery,2168-6254;2168-6262,Q1,2025
JAMIA Open,2574-2531,Q1,2025
Japanese Journal of Ophthalmology,0021-5155;1613-2246,Q1,2025
Japanese Journal of Radiology,1867-1071;1867-108X,Q1,2025
JARO - Journal of the Association for Research in Otolaryngology,1438-7573;1525-3961,Q1,2025
JBJS Open Access,2472-7245,Q1,2025
JBJS Reviews,2329-9185,Q1,2025
JBMR Plus,2473-4039,Q1,2025
JCI Insight,2379-3708,Q1,2025
JCO Clinical Cancer Informatics,2473-4276,Q1,2025
JCO Oncology Practice,2688-1527;2688-1535,Q1,2025
JCO Precision Oncology,2473-4284,Q1,2025
JCPP Advances,2692-9384,Q1,2025
JHEP Reports,2589-5559,Q1,2025
JID Innovations,2667-0267,Q1,2025
JMIR Aging,2561-7605,Q1,2025
JMIR AI,2817-1705,Q1,2025
JMIR Medical Informatics,2291-9694,Q1,2025
JMIR Mental Health,2368-7959,Q1,2025
JMIR mHealth and uHealth,2291-5222,Q1,2025
JMIR Pediatrics and Parenting,2561-6722,Q1,2025
JMIR Public Health and Surveillance,2369-2960,Q1,2025
JMIR Rehabilitation and Assistive Technologies,2369-2529,Q1,2025
JMIR Serious Games,2291-9279,Q1,2025
JNCCN Journal of the National Comprehensive Cancer Network,1540-1405;1540-1413,Q1,2025
JNCI Cancer Spectrum,2515-5091,Q1,2025
Joint Bone Spine,1297-319X;1778-7254,Q1,2025
Joint Commission Journal on Quality and Patient Safety,1553-7250,Q1,2025
Joint Diseases and Related Surgery,2687-4792,Q1,2025
JOR Spine,2572-1143,Q1,2025
Jornal de Pediatria,0021-7557;1678-4782,Q1,2025
Journal for ImmunoTherapy of Cancer,2051-1426,Q1,2025
Journal of Abdominal Wall Surgery,2813-2092,Q1,2025
Journal of Acquired Immune Deficiency Syndromes (1999),1525-4135;1944-7884,Q1,2025
Journal of Addiction Medicine,1932-0620;1935-3227,Q1,2025
Journal of Adolescence,0140-1971;1095-9254,Q1,2025
Journal of Adolescent Health,1054-139X;1879-1972,Q1,2025
Journal of Affective Disorders,0165-0327;1573-2517,Q1,2025
Journal of Aging and Health,0898-2643;1552-6887,Q1,2025
Journal of Allergy and Clinical Immunology,0091-6749;1097-6825,Q1,2025
Journal of Allergy and Clinical Immunology: In Practice,2213-2198;2213-2201,Q1,2025
Journal of Alzheimer's Disease,1387-2877;1875-8908,Q1,2025
Journal of American College Health,0744-8481,Q1,2025
Journal of Anatomy,0021-8782;1469-7580,Q1,2025
Journal of Anesthesia,0913-8668;1438-8359,Q1,2025
"Journal of Anesthesia, Analgesia and Critical Care",2731-3786,Q1,2025
Journal of Antimicrobial Chemotherapy,0305-7453;1460-2091,Q1,2025
Journal of Anxiety Disorders,0887-6185;1873-7897,Q1,2025
Journal of Applied Physiology,1522-1601;8750-7587,Q1,2025
Journal of Arthroplasty,0883-5403;1532-8406,Q1,2025
Journal of Assisted Reproduction and Genetics,1058-0468;1573-7330,Q1,2025
Journal of Asthma and Allergy,1178-6965,Q1,2025
Journal of Atherosclerosis and Thrombosis,1340-3478;1880-3873,Q1,2025
Journal of Athletic Training,1062-6050;1938-162X,Q1,2025
Journal of Autoimmunity,0896-8411;1095-9157,Q1,2025
Journal of Behavioral Addictions,2062-5871;2063-5303,Q1,2025
Journal of Biological Rhythms,0748-7304;1552-4531,Q1,2025
Journal of Biomechanics,0021-9290;1873-2380,Q1,2025
Journal of Biomedical Informatics,1532-0464;1532-0480,Q1,2025
Journal of Biomedical Science,1021-7770;1423-0127,Q1,2025
Journal of Bone and Joint Surgery,0021-9355;1535-1386,Q1,2025
Journal of Bone and Mineral Research,0884-0431;1523-4681,Q1,2025
Journal of Bone Metabolism,2287-6375;2287-7029,Q1,2025
"Journal of Cachexia, Sarcopenia and Muscle",2190-5991;2190-6009,Q1,2025
Journal of Cancer Research and Clinical Oncology,0171-5216;1432-1335,Q1,2025
Journal of Cannabis Research,2522-5782,Q1,2025
Journal of Cardiac Failure,1071-9164;1532-8414,Q1,2025
Journal of Cardiology,0914-5087;1876-4738,Q1,2025
Journal of Cardiopulmonary Rehabilitation and Prevention,1932-7501;1932-751X,Q1,2025
Journal of Cardiovascular Aging,2768-5993,Q1,2025
Journal of Cardiovascular Computed Tomography,1876-861X;1934-5925,Q1,2025
Journal of Cardiovascular Electrophysiology,1045-3873;1540-8167,Q1,2025
Journal of Cardiovascular Magnetic Resonance,1097-6647;1532-429X,Q1,2025
Journal of Cataract and Refractive Surgery,0886-3350;1873-4502,Q1,2025
Journal of Cell Biology,0021-9525;1540-8140,Q1,2025
Journal of Cerebral Blood Flow and Metabolism,0271-678X;1559-7016,Q1,2025
Journal of Child and Adolescent Trauma,1936-1521;1936-153X,Q1,2025
Journal of Child Health Care,1367-4935;1741-2889,Q1,2025
Journal of Child Psychology and Psychiatry and Allied Disciplines,0021-9630;1469-7610,Q1,2025
Journal of Climate Change and Health,2667-2782,Q1,2025
Journal of Clinical and Translational Hepatology,2225-0719;2310-8819,Q1,2025
Journal of Clinical and Translational Science,2059-8661,Q1,2025
Journal of Clinical Anesthesia,0952-8180;1873-4529,Q1,2025
Journal of Clinical Endocrinology and Metabolism,0021-972X;1945-7197,Q1,2025
Journal of Clinical Epidemiology,0895-4356;1878-5921,Q1,2025
Journal of Clinical Immunology,0271-9142;1573-2592,Q1,2025
Journal of Clinical Investigation,0021-9738;1558-8238,Q1,2025
Journal of Clinical Lipidology,1876-4789;1933-2874,Q1,2025
Journal of Clinical Microbiology,0095-1137;1098-660X,Q1,2025
Journal of Clinical Nursing,0962-1067;1365-2702,Q1,2025
Journal of Clinical Oncology,0732-183X;1527-7755,Q1,2025
Journal of Clinical Pathology,0021-9746;1472-4146,Q1,2025
Journal of Clinical Psychiatry,0160-6689;1555-2101,Q1,2025
Journal of Clinical Sleep Medicine,1550-9389;1550-9397,Q1,2025
Journal of Clinical Virology,1386-6532;1873-5967,Q1,2025
Journal of Cognition and Development,1524-8372;1532-7647,Q1,2025
Journal of Community Health,0094-5145;1573-3610,Q1,2025
Journal of Consulting and Clinical Psychology,0022-006X;1939-2117,Q1,2025
Journal of Cosmetic Dermatology,1473-2130;1473-2165,Q1,2025
Journal of Counseling Psychology,0022-0167;1939-2168,Q1,2025
Journal of Critical Care,0883-9441;1557-8615,Q1,2025
Journal of Crohn's and Colitis,1873-9946;1876-4479,Q1,2025
Journal of Cutaneous Medicine and Surgery,1203-4754;1615-7109,Q1,2025
Journal of Cystic Fibrosis,1569-1993;1873-5010,Q1,2025
Journal of Dermatological Science,0923-1811;1873-569X,Q1,2025
Journal of Dermatological Treatment,0954-6634;1471-1753,Q1,2025
Journal of Dermatology,0385-2407;1346-8138,Q1,2025
Journal of Diabetes,1753-0393;1753-0407,Q1,2025
Journal of Diabetes Investigation,2040-1116;2040-1124,Q1,2025
Journal of Diabetes Science and Technology,1932-2968,Q1,2025
Journal of Eating Disorders,2050-2974,Q1,2025
Journal of Emotional and Behavioral Disorders,1063-4266;1538-4799,Q1,2025
Journal of Endocrinology,0022-0795;1479-6805,Q1,2025
Journal of Endometriosis and Uterine Disorders,2949-8384,Q1,2025
Journal of Endourology,0892-7790;1557-900X,Q1,2025
Journal of Endovascular Therapy,1526-6028;1545-1550,Q1,2025
Journal of Environmental Exposure Assessment,2771-5949,Q1,2025
Journal of Environmental Management,0301-4797;1095-8630,Q1,2025
Journal of Environmental Sciences (China),1001-0742;1878-7320,Q1,2025
Journal of Epidemiology,0917-5040;1349-9092,Q1,2025
Journal of Epidemiology and Community Health,0143-005X;1470-2738,Q1,2025
Journal of Epidemiology and Global Health,2210-6006;2210-6014,Q1,2025
Journal of Ethnobiology and Ethnomedicine,1746-4269,Q1,2025
Journal of Evidence-Based Integrative Medicine,2515-690X,Q1,2025
Journal of Evidence-Based Medicine,1756-5383;1756-5391,Q1,2025
Journal of Exercise Science and Fitness,1728-869X,Q1,2025
Journal of Experimental and Clinical Cancer Research,0392-9078;1756-9966,Q1,2025
Journal of Experimental Medicine,0022-1007;1540-9538,Q1,2025
Journal of Experimental Orthopaedics,2197-1153,Q1,2025
Journal of Experimental Psychology: General,0096-3445;1939-2222,Q1,2025
Journal of Experimental Psychology: Human Perception and Performance,0096-1523;1939-1277,Q1,2025
Journal of Exposure Science and Environmental Epidemiology,1559-0631;1559-064X,Q1,2025
Journal of Extracellular Vesicles,2001-3078,Q1,2025
Journal of Family Nursing,1074-8407;1552-549X,Q1,2025
Journal of Foot and Ankle Surgery,1067-2516;1542-2224,Q1,2025
Journal of Frailty and Aging,2260-1341;2273-4309,Q1,2025
Journal of Functional Morphology and Kinesiology,2411-5142,Q1,2025
Journal of Gastric Cancer,2093-5641;2093-582X,Q1,2025
Journal of Gastroenterology,0944-1174;1435-5922,Q1,2025
Journal of Gastroenterology and Hepatology (Australia),0815-9319;1440-1746,Q1,2025
Journal of Gastrointestinal Surgery,1091-255X;1873-4626,Q1,2025
Journal of General Internal Medicine,0884-8734;1525-1497,Q1,2025
Journal of Geriatric Physical Therapy,1539-8412;2152-0895,Q1,2025
Journal of Ginseng Research,1226-8453;2093-4947,Q1,2025
Journal of Glaucoma,1057-0829;1536-481X,Q1,2025
Journal of Global Health,2047-2978;2047-2986,Q1,2025
Journal of Graduate Medical Education,1949-8349;1949-8357,Q1,2025
Journal of Gynecologic Oncology,2005-0380;2005-0399,Q1,2025
Journal of Hand Surgery,0363-5023;1531-6564,Q1,2025
Journal of Hand Surgery: European Volume,1753-1934;2043-6289,Q1,2025
Journal of Head Trauma Rehabilitation,0885-9701;1550-509X,Q1,2025
Journal of Headache and Pain,1129-2369;1129-2377,Q1,2025
Journal of Health and Social Behavior,0022-1465;2150-6000,Q1,2025
Journal of Health Economics,0167-6296;1879-1646,Q1,2025
Journal of Health Monitoring,2511-2708,Q1,2025
"Journal of Health Politics, Policy and Law",0361-6878;1527-1927,Q1,2025
Journal of Health Services Research and Policy,1355-8196;1758-1060,Q1,2025
"Journal of Health, Population and Nutrition",1606-0997;2072-1315,Q1,2025
Journal of Healthcare Leadership,1179-3201,Q1,2025
Journal of Heart and Lung Transplantation,1053-2498;1557-3117,Q1,2025
Journal of Hematology and Oncology,1756-8722,Q1,2025
Journal of Hepato-Biliary-Pancreatic Sciences,1868-6974;1868-6982,Q1,2025
Journal of Hepatology,0168-8278;1600-0641,Q1,2025
Journal of Hospital Infection,0195-6701;1532-2939,Q1,2025
Journal of Human Hypertension,0950-9240;1476-5527,Q1,2025
Journal of Human Kinetics,1640-5544;1899-7562,Q1,2025
Journal of Human Nutrition and Dietetics,0952-3871;1365-277X,Q1,2025
Journal of Hypertension,0263-6352;1473-5598,Q1,2025
Journal of Imaging Informatics in Medicine,2948-2933,Q1,2025
Journal of Immigrant and Minority Health,1557-1912;1557-1920,Q1,2025
Journal of Immunology,0022-1767;1550-6606,Q1,2025
Journal of Immunology Research,2314-7156;2314-8861,Q1,2025
Journal of Immunotherapy and Precision Oncology,2590-017X;2666-2345,Q1,2025
Journal of Infection,0163-4453;1532-2742,Q1,2025
Journal of Infection and Public Health,1876-0341;1876-035X,Q1,2025
Journal of Infectious Diseases,0022-1899;1537-6613,Q1,2025
Journal of Inherited Metabolic Disease,0141-8955;1573-2665,Q1,2025
Journal of Innate Immunity,1662-811X;1662-8128,Q1,2025
Journal of Integrative Environmental Sciences,1943-815X;1943-8168,Q1,2025
Journal of Integrative Medicine,2095-4964,Q1,2025
Journal of Intellectual Disability Research,0964-2633;1365-2788,Q1,2025
Journal of Intensive Care,2052-0492,Q1,2025
Journal of Intensive Medicine,2097-0250;2667-100X,Q1,2025
Journal of Internal Medicine,0954-6820;1365-2796,Q1,2025
Journal of Interprofessional Care,1356-1820;1469-9567,Q1,2025
Journal of Investigative Dermatology,0022-202X;1523-1747,Q1,2025
Journal of ISAKOS,2059-7754;2059-7762,Q1,2025
Journal of Knee Surgery,1538-8506;1938-2480,Q1,2025
Journal of Law and the Biosciences,2053-9711,Q1,2025
Journal of Lipid and Atherosclerosis,2287-2892;2288-2561,Q1,2025
Journal of Liver Cancer,2288-8128;2383-5001,Q1,2025
Journal of Magnetic Resonance Imaging,1053-1807;1522-2586,Q1,2025
Journal of Managed Care and Specialty Pharmacy,2376-0540;2376-1032,Q1,2025
Journal of Materials Chemistry B,2050-750X;2050-7518,Q1,2025
Journal of Medical Ethics,0306-6800;1473-4257,Q1,2025
Journal of Medical Genetics,0022-2593;1468-6244,Q1,2025
Journal of Medical Internet Research,1438-8871;1439-4456,Q1,2025
Journal of Medical Screening,0969-1413;1475-5793,Q1,2025
Journal of Medical Systems,0148-5598;1573-689X,Q1,2025
Journal of Medical Virology,0146-6615;1096-9071,Q1,2025
Journal of Mental Health,0963-8237;1360-0567,Q1,2025
"Journal of Microbiology, Immunology and Infection",1684-1182;1995-9133,Q1,2025
Journal of Migration and Health,2666-6235,Q1,2025
Journal of Molecular and Cellular Cardiology,0022-2828;1095-8584,Q1,2025
Journal of Molecular Cell Biology,1674-2788;1759-4685,Q1,2025
Journal of Molecular Diagnostics,1525-1578;1943-7811,Q1,2025
Journal of Molecular Medicine,0946-2716;1432-1440,Q1,2025
Journal of Nanobiotechnology,1477-3155,Q1,2025
Journal of Natural Products,0163-3864;1520-6025,Q1,2025
Journal of Neural Transmission,0300-9564;1435-1463,Q1,2025
Journal of Neurodevelopmental Disorders,1866-1947;1866-1955,Q1,2025
Journal of Neuroendocrinology,0953-8194;1365-2826,Q1,2025
Journal of NeuroEngineering and Rehabilitation,1743-0003,Q1,2025
Journal of Neurogastroenterology and Motility,2093-0879;2093-0887,Q1,2025
Journal of Neuroimaging,1051-2284;1552-6569,Q1,2025
Journal of Neuroimmune Pharmacology,1557-1890;1557-1904,Q1,2025
Journal of NeuroInterventional Surgery,1759-8478;1759-8486,Q1,2025
Journal of Neurologic Physical Therapy,1557-0576;1557-0584,Q1,2025
Journal of Neurology,0340-5354;1432-1459,Q1,2025
"Journal of Neurology, Neurosurgery and Psychiatry",0022-3050;1468-330X,Q1,2025
Journal of Neuromuscular Diseases,2214-3599;2214-3602,Q1,2025
Journal of Neuropathology and Experimental Neurology,0022-3069;1554-6578,Q1,2025
Journal of Neuroradiology,0150-9861;1773-0406,Q1,2025
Journal of Neurorestoratology,2324-2426,Q1,2025
Journal of Neurosurgery,0022-3085;1933-0693,Q1,2025
Journal of Neurosurgery: Pediatrics,1933-0707;1933-0715,Q1,2025
Journal of Neurosurgery: Spine,1547-5646;1547-5654,Q1,2025
Journal of Neurosurgical Anesthesiology,0898-4921;1537-1921,Q1,2025
Journal of Neurotrauma,0897-7151;1557-9042,Q1,2025
Journal of Nuclear Medicine,0161-5505;1535-5667,Q1,2025
Journal of Nutrition,0022-3166;1541-6100,Q1,2025
"Journal of Nutrition, Health and Aging",1279-7707;1760-4788,Q1,2025
Journal of Nutritional Biochemistry,0955-2863;1873-4847,Q1,2025
Journal of Obesity,2090-0708;2090-0716,Q1,2025
Journal of Obesity and Metabolic Syndrome,2508-6235;2508-7576,Q1,2025
Journal of Occupational Health Psychology,1076-8998;1939-1307,Q1,2025
Journal of Occupational Rehabilitation,1053-0487;1573-3688,Q1,2025
Journal of Oral and Maxillofacial Surgery,0278-2391;1531-5053,Q1,2025
Journal of Oral Microbiology,2000-2297,Q1,2025
Journal of Oral Pathology and Medicine,0904-2512;1600-0714,Q1,2025
Journal of Orthopaedic and Sports Physical Therapy,0190-6011;1938-1344,Q1,2025
Journal of Orthopaedic Surgery and Research,1749-799X,Q1,2025
Journal of Orthopaedic Translation,2214-031X,Q1,2025
Journal of Orthopaedic Trauma,0890-5339;1531-2291,Q1,2025
Journal of Orthopaedics and Traumatology,1590-9921;1590-9999,Q1,2025
Journal of Otolaryngology - Head and Neck Surgery,1916-0208;1916-0216,Q1,2025
Journal of Ovarian Research,1757-2215,Q1,2025
Journal of Pain,1526-5900;1528-8447,Q1,2025
Journal of Pain and Symptom Management,0885-3924;1873-6513,Q1,2025
Journal of Parkinson's Disease,1877-7171;1877-718X,Q1,2025
Journal of Pathology,0022-3417;1096-9896,Q1,2025
Journal of Pathology and Translational Medicine,2383-7837;2383-7845,Q1,2025
Journal of Pathology Informatics,2153-3539;2229-5089,Q1,2025
Journal of Pathology: Clinical Research,2056-4538,Q1,2025
Journal of Pediatric Gastroenterology and Nutrition,0277-2116;1536-4801,Q1,2025
Journal of Pediatric Psychology,0146-8693;1465-735X,Q1,2025
Journal of Pediatric Surgery,0022-3468;1531-5037,Q1,2025
Journal of Pediatric Urology,1477-5131;1873-4898,Q1,2025
Journal of Pediatrics,0022-3476;1097-6833,Q1,2025
Journal of Perinatology,0743-8346;1476-5543,Q1,2025
Journal of Personality Assessment,0022-3891;1532-7752,Q1,2025
Journal of Personalized Medicine,2075-4426,Q1,2025
Journal of Pharmacy and Pharmaceutical Sciences,1482-1826,Q1,2025
Journal of Physiological Anthropology,1880-6791;1880-6805,Q1,2025
Journal of Physiology and Biochemistry,1138-7548;1877-8755,Q1,2025
"Journal of Plastic, Reconstructive and Aesthetic Surgery",1748-6815;1878-0539,Q1,2025
Journal of Positive Behavior Interventions,1098-3007;1538-4772,Q1,2025
Journal of Prevention of Alzheimer's Disease,2274-5807;2426-0266,Q1,2025
Journal of Preventive Medicine and Public Health,1975-8375;2233-4521,Q1,2025
Journal of Primary Care and Community Health,2150-1319;2150-1327,Q1,2025
Journal of Professional Nursing,1532-8481;8755-7223,Q1,2025
Journal of Prosthetic Dentistry,0022-3913;1097-6841,Q1,2025
Journal of Psychiatric and Mental Health Nursing,1351-0126;1365-2850,Q1,2025
Journal of Psychiatric Research,0022-3956;1879-1379,Q1,2025
Journal of Psychiatry and Neuroscience,1180-4882;1488-2434,Q1,2025
Journal of Psychopathology and Clinical Science,2769-7541;2769-755X,Q1,2025
Journal of Psychopharmacology,0269-8811;1461-7285,Q1,2025
Journal of Psychosomatic Obstetrics and Gynecology,0167-482X;1743-8942,Q1,2025
Journal of Quantitative Criminology,0748-4518;1573-7799,Q1,2025
Journal of Racial and Ethnic Health Disparities,2196-8837;2197-3792,Q1,2025
Journal of Reconstructive Microsurgery,0743-684X;1098-8947,Q1,2025
Journal of Refractive Surgery,1081-597X;1938-2391,Q1,2025
Journal of Rehabilitation Medicine,1650-1977;1651-2081,Q1,2025
Journal of Renal Nutrition,1051-2276;1532-8503,Q1,2025
Journal of Reproductive and Infant Psychology,0264-6838;1469-672X,Q1,2025
Journal of Reproductive Immunology,0165-0378;1872-7603,Q1,2025
Journal of Rheumatic Diseases,2093-940X;2233-4718,Q1,2025
Journal of Robotic Surgery,1863-2483;1863-2491,Q1,2025
Journal of Rural Health,0890-765X;1748-0361,Q1,2025
Journal of Science and Medicine in Sport,1440-2440;1878-1861,Q1,2025
Journal of Sexual Medicine,1743-6095;1743-6109,Q1,2025
Journal of Shoulder and Elbow Arthroplasty,2471-5492,Q1,2025
Journal of Shoulder and Elbow Surgery,1058-2746;1532-6500,Q1,2025
Journal of Sleep Research,0962-1105;1365-2869,Q1,2025
Journal of Social Work Practice,0265-0533;1465-3885,Q1,2025
Journal of Special Education,0022-4669;1538-4764,Q1,2025
Journal of Spine Surgery,2414-4630;2414-469X,Q1,2025
Journal of Sport and Health Science,2095-2546;2213-2961,Q1,2025
Journal of Sport Management,0888-4773;1543-270X,Q1,2025
Journal of Sports Science and Medicine,1303-2968,Q1,2025
Journal of Sports Sciences,0264-0414;1466-447X,Q1,2025
Journal of Strength and Conditioning Research,1064-8011;1533-4287,Q1,2025
Journal of Stroke,2287-6391;2287-6405,Q1,2025
Journal of Stroke and Cerebrovascular Diseases,1052-3057;1532-8511,Q1,2025
Journal of Substance Use and Addiction Treatment,2949-8759;2949-8767,Q1,2025
Journal of Surgical Education,1878-7452;1931-7204,Q1,2025
Journal of Surgical Oncology,0022-4790;1096-9098,Q1,2025
Journal of Telemedicine and Telecare,1357-633X;1758-1109,Q1,2025
Journal of the Academy of Nutrition and Dietetics,2212-2672,Q1,2025
Journal of the American Academy of Child and Adolescent Psychiatry,0890-8567;1527-5418,Q1,2025
Journal of the American Academy of Dermatology,0190-9622;1097-6787,Q1,2025
Journal of the American Academy of Orthopaedic Surgeons,1067-151X;1940-5480,Q1,2025
Journal of the American Academy of Orthopaedic Surgeons Global Research and Reviews,2474-7661,Q1,2025
Journal of the American Board of Family Medicine,1557-2625;1558-7118,Q1,2025
Journal of the American College of Cardiology,0735-1097;1558-3597,Q1,2025
Journal of the American College of Radiology,1546-1440;1558-349X,Q1,2025
Journal of the American College of Surgeons,1072-7515;1879-1190,Q1,2025
Journal of the American Geriatrics Society,0002-8614;1532-5415,Q1,2025
Journal of the American Heart Association,2047-9980,Q1,2025
Journal of the American Medical Directors Association,1525-8610;1538-9375,Q1,2025
Journal of the American Medical Informatics Association,1067-5027;1527-974X,Q1,2025
Journal of the American Society of Echocardiography,0894-7317;1097-6795,Q1,2025
Journal of the American Society of Nephrology,1046-6673;1533-3450,Q1,2025
Journal of the European Academy of Dermatology and Venereology,0926-9959;1468-3083,Q1,2025
Journal of the International AIDS Society,1758-2652,Q1,2025
Journal of the International Association of Providers of AIDS Care,2325-9574;2325-9582,Q1,2025
Journal of the Medical Library Association,1536-5050;1558-9439,Q1,2025
Journal of the National Cancer Center,2096-8663;2667-0054,Q1,2025
Journal of the National Cancer Institute,0027-8874;1460-2105,Q1,2025
Journal of the National Cancer Institute - Monographs,1052-6773;1745-6614,Q1,2025
Journal of the Neurological Sciences,0022-510X;1878-5883,Q1,2025
Journal of the Pediatric Infectious Diseases Society,2048-7193;2048-7207,Q1,2025
Journal of the Peripheral Nervous System,1085-9489;1529-8027,Q1,2025
Journal of the Royal Society of Medicine,0141-0768;1758-1095,Q1,2025
Journal of the Society for Cardiovascular Angiography and Interventions,2772-9303,Q1,2025
Journal of Thoracic and Cardiovascular Surgery,0022-5223;1097-685X,Q1,2025
Journal of Thoracic Oncology,1556-0864;1556-1380,Q1,2025
Journal of Thrombosis and Haemostasis,1538-7836;1538-7933,Q1,2025
Journal of Tissue Engineering,2041-7314,Q1,2025
Journal of Traditional and Complementary Medicine,2225-4110,Q1,2025
Journal of Translational Internal Medicine,2224-4018;2450-131X,Q1,2025
Journal of Translational Medicine,1479-5876,Q1,2025
Journal of Trauma and Acute Care Surgery,2163-0755;2163-0763,Q1,2025
Journal of Traumatic Stress,0894-9867;1573-6598,Q1,2025
Journal of Travel Medicine,1195-1982;1708-8305,Q1,2025
Journal of Urban Health,1099-3460;1468-2869,Q1,2025
Journal of Urology,0022-5347;1527-3792,Q1,2025
Journal of Vascular and Interventional Radiology,1051-0443;1535-7732,Q1,2025
Journal of Vascular Surgery,0741-5214;1097-6809,Q1,2025
Journal of Vascular Surgery: Venous and Lymphatic Disorders,2213-333X;2213-3348,Q1,2025
Journal of Zhejiang University: Science B,1673-1581;1862-1783,Q1,2025
Journals of Gerontology - Series A Biological Sciences and Medical Sciences,1079-5006;1758-535X,Q1,2025
Journals of Gerontology - Series B Psychological Sciences and Social Sciences,1079-5014;1758-5368,Q1,2025
JSES International,2666-6383,Q1,2025
JTCVS Open,2666-2736,Q1,2025
JTO Clinical and Research Reports,2666-3643,Q1,2025
Justice Quarterly,0741-8825;1745-9109,Q1,2025
Kidney Diseases,2296-9357;2296-9381,Q1,2025
Kidney International,0085-2538;1523-1755,Q1,2025
Kidney International Reports,2468-0249,Q1,2025
Kidney International Supplements,2157-1716;2157-1724,Q1,2025
Kidney Medicine,2590-0595,Q1,2025
Kidney Research and Clinical Practice,2211-9132;2211-9140,Q1,2025
Kidney360,2641-7650,Q1,2025
Knee,0968-0160;1873-5800,Q1,2025
Knee Surgery and Related Research,2234-0726;2234-2451,Q1,2025
"Knee Surgery, Sports Traumatology, Arthroscopy",0942-2056;1433-7347,Q1,2025
Korean Journal of Anesthesiology,2005-6419;2005-7563,Q1,2025
Korean Journal of Family Medicine,2005-6443;2092-6715,Q1,2025
Korean Journal of Pain,2005-9159;2093-0569,Q1,2025
Korean Journal of Radiology,1229-6929;2005-8330,Q1,2025
Laboratory Investigation,0023-6837;1530-0307,Q1,2025
Langenbeck's Archives of Surgery,1435-2443;1435-2451,Q1,2025
Laryngoscope,0023-852X;1531-4995,Q1,2025
Laryngoscope Investigative Otolaryngology,2378-8038,Q1,2025
Learning Health Systems,2379-6146,Q1,2025
Leukemia,0887-6924;1476-5551,Q1,2025
LGBT Health,2325-8292;2325-8306,Q1,2025
Life Metabolism,2097-2555;2755-0230,Q1,2025
Life Sciences,0024-3205;1879-0631,Q1,2025
Lifetime Data Analysis,1380-7870;1572-9249,Q1,2025
Lipids in Health and Disease,1476-511X,Q1,2025
Liver Cancer,1664-5553;2235-1795,Q1,2025
Liver International,1478-3223;1478-3231,Q1,2025
Liver Transplantation,1527-6465;1527-6473,Q1,2025
Lung,0341-2040;1432-1750,Q1,2025
Lung Cancer,0169-5002;1872-8332,Q1,2025
Lupus Science and Medicine,2053-8790,Q1,2025
mAbs,1942-0862;1942-0870,Q1,2025
Magnetic Resonance in Medical Sciences,1347-3182;1880-2206,Q1,2025
Magnetic Resonance in Medicine,0740-3194;1522-2594,Q1,2025
Malaria Journal,1475-2875,Q1,2025
Management of Environmental Quality,1477-7835;1758-6119,Q1,2025
Marine Environmental Research,0141-1136;1879-0291,Q1,2025
Maternal and Child Health Journal,1092-7875;1573-6628,Q1,2025
Maternal and Child Nutrition,1740-8695;1740-8709,Q1,2025
Matrix Biology Plus,2590-0285,Q1,2025
Maturitas,0378-5122;1873-4111,Q1,2025
Maxillofacial Plastic and Reconstructive Surgery,2288-8101;2288-8586,Q1,2025
Mayo Clinic Proceedings,0025-6196;1942-5546,Q1,2025
MDM Policy and Practice,2381-4683,Q1,2025
Med,2666-6340;2666-6359,Q1,2025
MedComm,2688-2663,Q1,2025
MedComm - Oncology,2769-6448,Q1,2025
Medical Cannabis and Cannabinoids,2504-3889,Q1,2025
Medical Care,0025-7079;1537-1948,Q1,2025
Medical Care Research and Review,1077-5587;1552-6801,Q1,2025
Medical Clinics of North America,0025-7125;1557-9859,Q1,2025
Medical Education,0308-0110;1365-2923,Q1,2025
Medical Education Online,1087-2981,Q1,2025
Medical Image Analysis,1361-8415;1361-8423,Q1,2025
Medical Journal of Australia,0025-729X;1326-5377,Q1,2025
Medical Oncology,1357-0560;1559-131X,Q1,2025
Medical Physics,0094-2405;2473-4209,Q1,2025
Medical Review,2749-9642,Q1,2025
Medical sciences,2076-3271,Q1,2025
Medical Teacher,0142-159X;1466-187X,Q1,2025
Medicine and Science in Sports and Exercise,0195-9131;1530-0315,Q1,2025
Medicine in Drug Discovery,2590-0986,Q1,2025
Medicine in Microecology,2590-0978,Q1,2025
"Medicine, Health Care and Philosophy",1386-7423;1572-8633,Q1,2025
Memory and Cognition,0090-502X;1532-5946,Q1,2025
Menopause,1072-3714;1530-0374,Q1,2025
Mental Health and Physical Activity,1755-2966;1878-0199,Q1,2025
Mental Health and Prevention,2212-6570,Q1,2025
Meta-Radiology,2950-1628,Q1,2025
Metabolism: Clinical and Experimental,0026-0495;1532-8600,Q1,2025
Microbial Genomics,2057-5858,Q1,2025
Microbiology and Molecular Biology Reviews,1092-2172;1098-5557,Q1,2025
Microbiology Spectrum,2165-0497,Q1,2025
Microbiome,2049-2618,Q1,2025
Microorganisms,2076-2607,Q1,2025
Microsurgery,0738-1085;1098-2752,Q1,2025
Midwifery,0266-6138;1532-3099,Q1,2025
Milbank Quarterly,0887-378X;1468-0009,Q1,2025
Military Medical Research,2054-9369;2095-7467,Q1,2025
Minerva Urology and Nephrology,2724-6051;2724-6442,Q1,2025
MMWR Recommendations and Reports,1057-5987;1545-8601,Q1,2025
MMWR supplements,2380-8942;2380-8950,Q1,2025
MMWR Surveillance Summaries,1545-8636;1546-0738,Q1,2025
Modern Pathology,0893-3952;1530-0285,Q1,2025
Molecular and Cellular Biochemistry,0300-8177;1573-4919,Q1,2025
Molecular and Cellular Pediatrics,2194-7791,Q1,2025
Molecular and Cellular Proteomics,1535-9476;1535-9484,Q1,2025
Molecular Aspects of Medicine,0098-2997;1872-9452,Q1,2025
Molecular Autism,2040-2392,Q1,2025
Molecular Cancer,1476-4598,Q1,2025
Molecular Cancer Research,1541-7786;1557-3125,Q1,2025
Molecular Cancer Therapeutics,1535-7163;1538-8514,Q1,2025
Molecular Diagnosis and Therapy,1177-1062;1179-2000,Q1,2025
Molecular Genetics and Metabolism,1096-7192;1096-7206,Q1,2025
Molecular Human Reproduction,1360-9947;1460-2407,Q1,2025
Molecular Medicine,1076-1551;1528-3658,Q1,2025
Molecular Neurodegeneration,1750-1326,Q1,2025
Molecular Oncology,1574-7891;1878-0261,Q1,2025
Molecular Pain,1744-8069,Q1,2025
Molecular Plant-Microbe Interactions,0894-0282,Q1,2025
Molecular Psychiatry,1359-4184;1476-5578,Q1,2025
Molecular Systems Biology,1744-4292,Q1,2025
Molecular Therapy,1525-0016;1525-0024,Q1,2025
Molecular Therapy Oncology,2950-3299,Q1,2025
Molecules,1420-3049,Q1,2025
Molecules and Cells,0219-1032;1016-8478,Q1,2025
Morbidity and Mortality Weekly Report,0149-2195;1545-861X,Q1,2025
Movement Disorders,0885-3185;1531-8257,Q1,2025
Mucosal Immunology,1933-0219;1935-3456,Q1,2025
Multiple Sclerosis and Related Disorders,2211-0348;2211-0356,Q1,2025
Multiple Sclerosis Journal,1352-4585;1477-0970,Q1,2025
Multivariate Behavioral Research,0027-3171;1532-7906,Q1,2025
Muscle and Nerve,0148-639X;1097-4598,Q1,2025
Mycology,2150-1203;2150-1211,Q1,2025
Mycoses,0933-7407;1439-0507,Q1,2025
Nano Today,1748-0132;1878-044X,Q1,2025
Nano TransMed,2790-6760;2790-7384,Q1,2025
NanoImpact,2452-0748,Q1,2025
Nanotechnology Reviews,2191-9089;2191-9097,Q1,2025
Nanotheranostics,2206-7418,Q1,2025
NAR Cancer,2632-8674,Q1,2025
National Center for Health Statistics Data Brief,1941-4927;1941-4935,Q1,2025
National Health Statistics Reports,2164-8344;2332-8363,Q1,2025
National Toxicology Program Monograph,2330-1279;2378-5144,Q1,2025
Nature Aging,2662-8465,Q1,2025
Nature Biomedical Engineering,2157-846X,Q1,2025
Nature Cancer,2662-1347,Q1,2025
Nature Cardiovascular Research,2731-0590,Q1,2025
Nature Immunology,1529-2908;1529-2916,Q1,2025
Nature Medicine,1078-8956;1546-170X,Q1,2025
Nature Mental Health,2731-6076,Q1,2025
Nature Metabolism,2522-5812,Q1,2025
Nature Microbiology,2058-5276,Q1,2025
Nature Reviews Cancer,1474-175X;1474-1768,Q1,2025
Nature Reviews Cardiology,1759-5002;1759-5010,Q1,2025
Nature Reviews Clinical Oncology,1759-4774;1759-4782,Q1,2025
Nature Reviews Disease Primers,2056-676X,Q1,2025
Nature Reviews Drug Discovery,1474-1776;1474-1784,Q1,2025
Nature Reviews Endocrinology,1759-5029;1759-5037,Q1,2025
Nature Reviews Gastroenterology and Hepatology,1759-5045;1759-5053,Q1,2025
Nature Reviews Genetics,1471-0056;1471-0064,Q1,2025
Nature Reviews Immunology,1474-1733;1474-1741,Q1,2025
Nature Reviews Methods Primers,2662-8449,Q1,2025
Nature Reviews Microbiology,1740-1526;1740-1534,Q1,2025
Nature Reviews Nephrology,1759-5061;1759-507X,Q1,2025
Nature Reviews Neurology,1759-4758;1759-4766,Q1,2025
Nature Reviews Rheumatology,1759-4790;1759-4804,Q1,2025
Nature Reviews Urology,1759-4812;1759-4820,Q1,2025
NEJM Catalyst Innovations in Care Delivery,2642-0007,Q1,2025
NEJM Evidence,2766-5526,Q1,2025
Neonatology,1661-7800;1661-7819,Q1,2025
Nephrology Dialysis Transplantation,0931-0509;1460-2385,Q1,2025
Neural Plasticity,1687-5443;2090-5904,Q1,2025
Neuro-Oncology,1522-8517;1523-5866,Q1,2025
Neuro-Oncology Advances,2632-2498,Q1,2025
Neuro-Oncology Practice,2054-2577;2054-2585,Q1,2025
Neurobiology of Aging,0197-4580;1558-1497,Q1,2025
Neurobiology of Pain,2452-073X,Q1,2025
Neurochemical Research,0364-3190;1573-6903,Q1,2025
Neurocritical Care,1541-6933;1556-0961,Q1,2025
Neuroepidemiology,0251-5350;1423-0208,Q1,2025
Neuroethics,1874-5490;1874-5504,Q1,2025
Neurogastroenterology and Motility,1350-1925;1365-2982,Q1,2025
NeuroImage: Clinical,2213-1582,Q1,2025
Neurologia Medico-Chirurgica,0470-8105;1349-8029,Q1,2025
Neurological Sciences,1590-1874;1590-3478,Q1,2025
Neurology,0028-3878;1526-632X,Q1,2025
Neurology and Therapy,2193-6536;2193-8253,Q1,2025
Neurology: Neuroimmunology and NeuroInflammation,2332-7812,Q1,2025
Neuromodulation,1094-7159;1525-1403,Q1,2025
Neuromuscular Disorders,0960-8966;1873-2364,Q1,2025
Neuropathology and Applied Neurobiology,0305-1846;1365-2990,Q1,2025
Neurophotonics,2329-423X;2329-4248,Q1,2025
Neuroprotection,2770-7296;2770-730X,Q1,2025
Neuropsychological Rehabilitation,0960-2011;1464-0694,Q1,2025
Neuropsychopharmacology,0893-133X;1740-634X,Q1,2025
Neurorehabilitation and Neural Repair,1545-9683;1552-6844,Q1,2025
Neuroscience Bulletin,1673-7067;1995-8218,Q1,2025
Neuroscience of Consciousness,2057-2107,Q1,2025
Neuroscience Research,0168-0102;1872-8111,Q1,2025
Neuroscientist,1073-8584;1089-4098,Q1,2025
Neurospine,2586-6583;2586-6591,Q1,2025
Neurosurgery,0148-396X;1524-4040,Q1,2025
Neurosurgery Clinics of North America,1042-3680;1558-1349,Q1,2025
Neurosurgical Focus,1092-0684,Q1,2025
Neurosurgical Review,0344-5607;1437-2320,Q1,2025
Neurotherapeutics,1878-7479;1933-7213,Q1,2025
New Biotechnology,1871-6784;1876-4347,Q1,2025
New Directions for Child and Adolescent Development,1520-3247;1534-8687,Q1,2025
New England Journal of Medicine,0028-4793;1533-4406,Q1,2025
Nicotine and Tobacco Research,1462-2203;1469-994X,Q1,2025
NMR in Biomedicine,0952-3480;1099-1492,Q1,2025
Non-coding RNA Research,2468-0540,Q1,2025
Nonlinear Analysis: Real World Applications,1468-1218,Q1,2025
North American Spine Society Journal,2666-5484,Q1,2025
npj Aging,2731-6068,Q1,2025
npj Breast Cancer,2374-4677,Q1,2025
npj Digital Medicine,2398-6352,Q1,2025
npj Genomic Medicine,2056-7944,Q1,2025
NPJ Imaging,2948-197X,Q1,2025
npj Mental Health Research,2731-4251,Q1,2025
NPJ Metabolic Health and Disease,2948-2828,Q1,2025
npj Microgravity,2373-8065,Q1,2025
npj Parkinson's Disease,2373-8057,Q1,2025
npj Precision Oncology,2397-768X,Q1,2025
npj Primary Care Respiratory Medicine,2055-1010,Q1,2025
npj Regenerative Medicine,2057-3995,Q1,2025
npj Science of Food,2396-8370,Q1,2025
npj Vaccines,2059-0105,Q1,2025
Nucleus,1949-1034;1949-1042,Q1,2025
Nurse Education in Practice,1471-5953;1873-5223,Q1,2025
Nutrition and Diabetes,2044-4052,Q1,2025
Nutrition and Dietetics,1446-6368;1747-0080,Q1,2025
Nutrition and Metabolism,1743-7075,Q1,2025
Nutrition Bulletin,1467-3010;1471-9827,Q1,2025
Nutrition Journal,1475-2891,Q1,2025
Nutrition Research Reviews,0954-4224;1475-2700,Q1,2025
Nutrition Reviews,0029-6643;1753-4887,Q1,2025
"Nutrition, Metabolism and Cardiovascular Diseases",0939-4753;1590-3729,Q1,2025
Nutritional Neuroscience,1028-415X;1476-8305,Q1,2025
Obesity,1930-7381;1930-739X,Q1,2025
Obesity Facts,1662-4025;1662-4033,Q1,2025
Obesity Pillars,2667-3681,Q1,2025
Obesity Reviews,1467-7881;1467-789X,Q1,2025
Obesity Surgery,0960-8923;1708-0428,Q1,2025
Obstetrics and Gynecology,0029-7844;1873-233X,Q1,2025
Occupational and Environmental Medicine,1351-0711;1470-7926,Q1,2025
Ocular Surface,1542-0124;1937-5913,Q1,2025
OncoImmunology,2162-4011;2162-402X,Q1,2025
Oncologist,1083-7159;1549-490X,Q1,2025
Oncology Research,0965-0407;1555-3906,Q1,2025
One Health,2352-7714,Q1,2025
Open Forum Infectious Diseases,2328-8957,Q1,2025
Open Heart,2053-3624;2398-595X,Q1,2025
OpenNano,2352-9520,Q1,2025
Ophthalmic and Physiological Optics,0275-5408;1475-1313,Q1,2025
Ophthalmic Epidemiology,0928-6586;1744-5086,Q1,2025
Ophthalmic Research,0030-3747;1423-0259,Q1,2025
Ophthalmology,0161-6420;1549-4713,Q1,2025
Ophthalmology and Therapy,2193-6528;2193-8245,Q1,2025
Ophthalmology Glaucoma,2589-4196;2589-4234,Q1,2025
Ophthalmology Retina,2468-6530,Q1,2025
Ophthalmology Science,2666-9145,Q1,2025
Oral Diseases,1354-523X;1601-0825,Q1,2025
Oral Oncology,1368-8375;1879-0593,Q1,2025
Organogenesis,1547-6278;1555-8592,Q1,2025
Orphanet Journal of Rare Diseases,1750-1172,Q1,2025
Orthodontics and Craniofacial Research,1601-6335;1601-6343,Q1,2025
Orthopaedic Journal of Sports Medicine,2325-9671,Q1,2025
Orthopaedic Surgery,1757-7853;1757-7861,Q1,2025
Orthopaedics and Traumatology: Surgery and Research,1877-0568,Q1,2025
Osteoarthritis and Cartilage,1063-4584;1522-9653,Q1,2025
Osteoarthritis and Cartilage Open,2665-9131,Q1,2025
Osteoporosis International,0937-941X;1433-2965,Q1,2025
Otolaryngology - Head and Neck Surgery,0194-5998;1097-6817,Q1,2025
Otology and Neurotology,1531-7129;1537-4505,Q1,2025
Oxford Open Immunology,2633-6960,Q1,2025
Oxidative Medicine and Cellular Longevity,1942-0900;1942-0994,Q1,2025
Paediatric and Perinatal Epidemiology,0269-5022;1365-3016,Q1,2025
Paediatric Respiratory Reviews,1526-0542;1526-0550,Q1,2025
Pain,0304-3959;1872-6623,Q1,2025
Pain and Therapy,2193-651X;2193-8237,Q1,2025
Pain Medicine (United States),1526-2375;1526-4637,Q1,2025
Pain Physician,1533-3159;2150-1149,Q1,2025
Pain Practice,1530-7085;1533-2500,Q1,2025
Pain Reports,2471-2531,Q1,2025
Pain Research and Management,1203-6765;1918-1523,Q1,2025
Palliative Medicine,0269-2163;1477-030X,Q1,2025
Pancreatology,1424-3903;1424-3911,Q1,2025
Parasites and Vectors,1756-3305,Q1,2025
Parkinsonism and Related Disorders,1353-8020;1873-5126,Q1,2025
Particle and Fibre Toxicology,1743-8977,Q1,2025
Pathogens and Global Health,2047-7724;2047-7732,Q1,2025
Pathologica,0031-2983;1591-951X,Q1,2025
Pathology,0031-3025;1465-3931,Q1,2025
Pathology International,1320-5463;1440-1827,Q1,2025
Pathophysiology,0928-4680;1873-149X,Q1,2025
Patient Education and Counseling,0738-3991;1873-5134,Q1,2025
Patient Safety in Surgery,1754-9493,Q1,2025
Pediatric Allergy and Immunology,0905-6157;1399-3038,Q1,2025
Pediatric Blood and Cancer,1545-5009;1545-5017,Q1,2025
Pediatric Clinics of North America,0031-3955;1557-8240,Q1,2025
Pediatric Critical Care Medicine,1529-7535;1947-3893,Q1,2025
Pediatric Diabetes,1399-543X;1399-5448,Q1,2025
Pediatric Drugs,1174-5878;1179-2019,Q1,2025
Pediatric Infectious Disease Journal,0891-3668;1532-0987,Q1,2025
Pediatric Nephrology,0931-041X;1432-198X,Q1,2025
Pediatric Obesity,2047-6302;2047-6310,Q1,2025
Pediatric Pulmonology,1099-0496;8755-6863,Q1,2025
Pediatric Radiology,0301-0449;1432-1998,Q1,2025
Pediatric Research,0031-3998;1530-0447,Q1,2025
Pediatric Rheumatology,1546-0096,Q1,2025
Pediatrics,0031-4005;1098-4275,Q1,2025
Permanente Journal,1552-5767;1552-5775,Q1,2025
Personality and Mental Health,1932-8621;1932-863X,Q1,2025
"Personality Disorders: Theory, Research, and Treatment",1949-2715;1949-2723,Q1,2025
Perspectives on Medical Education,2212-2761;2212-277X,Q1,2025
Perspectives on Sexual and Reproductive Health,1538-6341;1931-2393,Q1,2025
Pharmaceutical Biology,1388-0209;1744-5116,Q1,2025
Pharmaceutical Medicine,1178-2595;1179-1993,Q1,2025
Pharmaceutical Statistics,1539-1604;1539-1612,Q1,2025
PharmacoEconomics,1170-7690;1179-2027,Q1,2025
Pharmacoepidemiology and Drug Safety,1053-8569;1099-1557,Q1,2025
Pharmacological Reports,1734-1140;2299-5684,Q1,2025
Pharmacological Research - Modern Chinese Medicine,2667-1425,Q1,2025
Pharmacology and Therapeutics,0163-7258;1879-016X,Q1,2025
Pharmacotherapy,0277-0008;1875-9114,Q1,2025
Photoacoustics,2213-5979,Q1,2025
Photodermatology Photoimmunology and Photomedicine,0905-4383;1600-0781,Q1,2025
Photosynthesis Research,0166-8595;1573-5079,Q1,2025
Physical Education and Sport Pedagogy,1740-8989;1742-5786,Q1,2025
Physical Therapy in Sport,1466-853X;1873-1600,Q1,2025
Physics and Imaging in Radiation Oncology,2405-6316,Q1,2025
Physiologia Plantarum,0031-9317;1399-3054,Q1,2025
Physiological Reviews,0031-9333;1522-1210,Q1,2025
Physiology International,2498-602X,Q1,2025
Phytochemical Analysis,0958-0344;1099-1565,Q1,2025
Phytomedicine,0944-7113;1618-095X,Q1,2025
Pigment Cell and Melanoma Research,1755-1471;1755-148X,Q1,2025
Placenta,0143-4004;1532-3102,Q1,2025
Plant and Cell Physiology,0032-0781;1471-9053,Q1,2025
Plant Biology,1435-8603;1438-8677,Q1,2025
Plant Cell Reports,0721-7714;1432-203X,Q1,2025
Plant Molecular Biology,0167-4412;1573-5028,Q1,2025
Plant Science,0168-9452;1873-2259,Q1,2025
Plastic and Reconstructive Surgery,0032-1052;1529-4242,Q1,2025
Plastic and Reconstructive Surgery - Global Open,2169-7574,Q1,2025
Platelets,0953-7104;1369-1635,Q1,2025
PLOS Digital Health,2767-3170,Q1,2025
PLOS Genetics,1553-7390;1553-7404,Q1,2025
PLOS Global Public Health,2767-3375,Q1,2025
PLOS Medicine,1549-1277;1549-1676,Q1,2025
PLOS Neglected Tropical Diseases,1935-2727;1935-2735,Q1,2025
PM&amp;R,1934-1482;1934-1563,Q1,2025
Policy and Internet,1944-2866,Q1,2025
"Policy, Politics, and Nursing Practice",1527-1544;1552-7468,Q1,2025
Population Health Metrics,1478-7954,Q1,2025
Poultry Science,0032-5791;1525-3171,Q1,2025
PPAR Research,1687-4757;1687-4765,Q1,2025
Practical Radiation Oncology,1879-8500;1879-8519,Q1,2025
Precision Clinical Medicine,2096-5303;2516-1571,Q1,2025
Pregnancy Hypertension,2210-7789;2210-7797,Q1,2025
Prehospital and Disaster Medicine,1049-023X;1945-1938,Q1,2025
Prehospital Emergency Care,1090-3127;1545-0066,Q1,2025
Prenatal Diagnosis,0197-3851;1097-0223,Q1,2025
Presse Medicale,0755-4982;2213-0276,Q1,2025
Preventing Chronic Disease,1545-1151;2166-5435,Q1,2025
Prevention Science,1389-4986;1573-6695,Q1,2025
Preventive Medicine,0091-7435;1096-0260,Q1,2025
Preventive Medicine Reports,2211-3355,Q1,2025
Primary Care - Clinics in Office Practice,0095-4543;1558-299X,Q1,2025
Primary Care Diabetes,1751-9918;1878-0210,Q1,2025
Proceedings of the Nutrition Society,0029-6651;1475-2719,Q1,2025
Proceedings of the Royal Society B: Biological Sciences,0962-8452;1471-2954,Q1,2025
Progress in Cardiovascular Diseases,0033-0620;1873-1740,Q1,2025
Progress in Retinal and Eye Research,1350-9462;1873-1635,Q1,2025
Prostate,0270-4137;1097-0045,Q1,2025
Prostate Cancer and Prostatic Diseases,1365-7852;1476-5608,Q1,2025
Prostate International,2287-8882;2287-903X,Q1,2025
Protein and Cell,1674-800X;1674-8018,Q1,2025
"Protein Engineering, Design and Selection",1741-0126;1741-0134,Q1,2025
Protein Science,0961-8368;1469-896X,Q1,2025
Psychiatric Clinics of North America,0193-953X;1558-3147,Q1,2025
Psychiatric Quarterly,0033-2720;1573-6709,Q1,2025
Psychiatric Services,1075-2730;1557-9700,Q1,2025
Psychiatry and Clinical Neurosciences,1323-1316;1440-1819,Q1,2025
Psychiatry Research,0165-1781;1872-7123,Q1,2025
Psycho-Oncology,1057-9249;1099-1611,Q1,2025
Psychological Assessment,1040-3590;1939-134X,Q1,2025
Psychological Medicine,0033-2917;1469-8978,Q1,2025
Psychological Research,0340-0727;1430-2772,Q1,2025
Psychology and Aging,0882-7974;1939-1498,Q1,2025
Psychology and Health,0887-0446;1476-8321,Q1,2025
"Psychology and Psychotherapy: Theory, Research and Practice",1476-0835;2044-8341,Q1,2025
Psychology of Addictive Behaviors,0893-164X;1939-1501,Q1,2025
Psychology Research and Behavior Management,1179-1578,Q1,2025
Psychoneuroendocrinology,0306-4530;1873-3360,Q1,2025
Psychophysiology,0048-5772;1469-8986,Q1,2025
Psychoradiology,2634-4416,Q1,2025
Psychotherapy,0033-3204;1939-1536,Q1,2025
Psychotherapy and Psychosomatics,0033-3190;1423-0348,Q1,2025
Public Health,0033-3506;1476-5616,Q1,2025
Public Health Nutrition,1368-9800;1475-2727,Q1,2025
Public Health Research and Practice,2204-2091,Q1,2025
Public Health Reviews,0301-0422;2107-6952,Q1,2025
Pulmonology,2531-0429;2531-0437,Q1,2025
Qualitative Health Research,1049-7323;1552-7557,Q1,2025
Quality of Life Research,0962-9343;1573-2649,Q1,2025
Radiation Oncology,1748-717X,Q1,2025
Radiographics,0271-5333;1527-1323,Q1,2025
Radiologia Medica,0033-8362;1826-6983,Q1,2025
Radiology,0033-8419;1527-1315,Q1,2025
Radiology: Artificial Intelligence,2638-6100,Q1,2025
Radiology: Cardiothoracic Imaging,2638-6135,Q1,2025
Radiology: Imaging Cancer,2638-616X,Q1,2025
Radiotherapy and Oncology,0167-8140;1879-0887,Q1,2025
Redox Report,1351-0002;1743-2928,Q1,2025
Regional Anesthesia and Pain Medicine,1098-7339;1532-8651,Q1,2025
Regulatory Toxicology and Pharmacology,0273-2300;1096-0295,Q1,2025
Rehabilitation Counseling Bulletin,0034-3552;1538-4853,Q1,2025
Remedial and Special Education,0741-9325;1538-4756,Q1,2025
Renal Failure,0886-022X;1525-6049,Q1,2025
Reports on Progress in Physics,0034-4885;1361-6633,Q1,2025
Reproduction,1470-1626;1741-7899,Q1,2025
Reproduction and Fertility,2633-8386,Q1,2025
Reproductive Biology and Endocrinology,1477-7827,Q1,2025
Reproductive BioMedicine Online,1472-6483;1472-6491,Q1,2025
Reproductive Health,1742-4755,Q1,2025
Reproductive Medicine and Biology,1445-5781;1447-0578,Q1,2025
Reproductive Sciences,1933-7191;1933-7205,Q1,2025
Research and Practice for Persons with Severe Disabilities,1540-7969;2169-2408,Q1,2025
Research and Practice in Thrombosis and Haemostasis,2475-0379,Q1,2025
Research and Reports in Urology,2253-2447,Q1,2025
Research in Microbiology,0923-2508;1769-7123,Q1,2025
"Research in Psychotherapy: Psychopathology, Process and Outcome",2239-8031,Q1,2025
Research on Child and Adolescent Psychopathology,2730-7166;2730-7174,Q1,2025
Respiratory Medicine,0954-6111;1532-3064,Q1,2025
Respiratory Research,1465-9921;1465-993X,Q1,2025
Respirology,1323-7799;1440-1843,Q1,2025
Resuscitation,0300-9572;1873-1570,Q1,2025
Resuscitation Plus,2666-5204,Q1,2025
Retina,0275-004X;1539-2864,Q1,2025
Retrovirology,1742-4690,Q1,2025
Review Journal of Autism and Developmental Disorders,2195-7177;2195-7185,Q1,2025
Reviews in Endocrine and Metabolic Disorders,1389-9155;1573-2606,Q1,2025
Reviews in Medical Virology,1052-9276;1099-1654,Q1,2025
Reviews of Environmental Contamination and Toxicology,0179-5953;2197-6554,Q1,2025
Reviews on Environmental Health,0048-7554;2191-0308,Q1,2025
Revista de Saude Publica,0034-8910;1518-8787,Q1,2025
Revista Espanola de Cardiologia (English edition),1885-5857,Q1,2025
Rheumatology,1462-0324;1462-0332,Q1,2025
Rhinology,0300-0729;1996-8604,Q1,2025
RMD Open,2056-5933,Q1,2025
Safety and Health at Work,2093-7911;2093-7997,Q1,2025
Safety Science,0925-7535;1879-1042,Q1,2025
Salud Publica de Mexico,0036-3634;1606-7916,Q1,2025
Scandinavian Journal of Medicine and Science in Sports,0905-7188;1600-0838,Q1,2025
Scandinavian Journal of Public Health,1403-4948;1651-1905,Q1,2025
"Scandinavian Journal of Trauma, Resuscitation and Emergency Medicine",1757-7241,Q1,2025
"Scandinavian Journal of Work, Environment and Health",0355-3140;1795-990X,Q1,2025
Schizophrenia,2334-265X,Q1,2025
Schizophrenia Bulletin,0586-7614;1745-1701,Q1,2025
Schizophrenia Research,0920-9964;1573-2509,Q1,2025
Schizophrenia Research: Cognition,2215-0013,Q1,2025
Science and Medicine in Football,2473-3938;2473-4446,Q1,2025
Science Immunology,2470-9468,Q1,2025
Science in One Health,2949-7043,Q1,2025
Science Translational Medicine,1946-6234;1946-6242,Q1,2025
Seminars in Arthritis and Rheumatism,0049-0172;1532-866X,Q1,2025
Seminars in Diagnostic Pathology,0740-2570;1930-1111,Q1,2025
Seminars in Fetal and Neonatal Medicine,1744-165X;1878-0946,Q1,2025
Seminars in Hematology,0037-1963;1532-8686,Q1,2025
Seminars in Immunology,1044-5323;1096-3618,Q1,2025
Seminars in Immunopathology,1863-2297;1863-2300,Q1,2025
Seminars in Liver Disease,0272-8087;1098-8971,Q1,2025
Seminars in Nephrology,0270-9295;1558-4488,Q1,2025
Seminars in Nuclear Medicine,0001-2998;1558-4623,Q1,2025
Seminars in Oncology,0093-7754;1532-8708,Q1,2025
Seminars in Ophthalmology,0882-0538;1744-5205,Q1,2025
Seminars in Pediatric Surgery,1055-8586;1532-9453,Q1,2025
Seminars in Perinatology,0146-0005;1558-075X,Q1,2025
Seminars in Radiation Oncology,1053-4296;1532-9461,Q1,2025
Seminars in Respiratory and Critical Care Medicine,1069-3424;1098-9048,Q1,2025
Seminars in Thoracic and Cardiovascular Surgery,1043-0679;1532-9488,Q1,2025
Seminars in Thoracic and Cardiovascular Surgery: Pediatric Cardiac Surgery Annual,1092-9126;1876-4665,Q1,2025
Seminars in Thrombosis and Hemostasis,0094-6176;1098-9064,Q1,2025
Seminars in Vascular Surgery,0895-7967;1558-4518,Q1,2025
Sexual and Reproductive Health Matters,2641-0397,Q1,2025
Sexual Development,1661-5425;1661-5433,Q1,2025
Sexually Transmitted Diseases,0148-5717;1537-4521,Q1,2025
Sexually Transmitted Infections,1368-4973;1472-3263,Q1,2025
Shock,1073-2322;1540-0514,Q1,2025
SICOT-J,2426-8887,Q1,2025
Skeletal Muscle,2044-5040,Q1,2025
Skin Pharmacology and Physiology,1660-5527;1660-5535,Q1,2025
Skin Research and Technology,0909-752X;1600-0846,Q1,2025
Sleep,0161-8105;1550-9109,Q1,2025
Sleep and Breathing,1520-9512;1522-1709,Q1,2025
Sleep Medicine,1389-9457;1878-5506,Q1,2025
Sleep Medicine Clinics,1556-407X;1556-4088,Q1,2025
Sleep Medicine Reviews,1087-0792;1532-2955,Q1,2025
Small,1613-6810;1613-6829,Q1,2025
Social Cognitive and Affective Neuroscience,1749-5016;1749-5024,Q1,2025
Social Psychiatry and Psychiatric Epidemiology,0933-7954;1433-9285,Q1,2025
Social Science and Medicine,0277-9536;1873-5347,Q1,2025
Society and Mental Health,2156-8693;2156-8731,Q1,2025
Sociology of Health and Illness,0141-9889;1467-9566,Q1,2025
Sociology of Sport Journal,0741-1235;1543-2785,Q1,2025
Spinal Cord,1362-4393;1476-5624,Q1,2025
Spine,0362-2436;1528-1159,Q1,2025
Spine Journal,1529-9430;1878-1632,Q1,2025
"Sport, Education and Society",1357-3322;1470-1243,Q1,2025
Sports,2075-4663,Q1,2025
Sports Health,1941-0921;1941-7381,Q1,2025
Sports Medicine,0112-1642;1179-2035,Q1,2025
Sports Medicine - Open,2198-9761;2199-1170,Q1,2025
Sports Medicine and Health Science,2666-3376,Q1,2025
SSM - Population Health,2352-8273,Q1,2025
Stanford Law Review,0038-9765,Q1,2025
Statistics in Medicine,0277-6715;1097-0258,Q1,2025
Stem Cell Research and Therapy,1757-6512,Q1,2025
Stem Cells,1066-5099;1549-4918,Q1,2025
Stem Cells Translational Medicine,2157-6564;2157-6580,Q1,2025
Strength and Conditioning Journal,1524-1602;1533-4295,Q1,2025
Stress and Health,1532-2998;1532-3005,Q1,2025
Stroke,0039-2499;1524-4628,Q1,2025
Stroke and Vascular Neurology,2059-8688;2059-8696,Q1,2025
Structural Heart,2474-8706;2474-8714,Q1,2025
"Substance Abuse: Treatment, Prevention, and Policy",1747-597X,Q1,2025
Substance Use and Addiction Journal,2976-7342;2976-7350,Q1,2025
Substance Use: Research and Treatment,2976-8357,Q1,2025
Suicide and Life-Threatening Behavior,0363-0234;1943-278X,Q1,2025
Supportive Care in Cancer,0941-4355;1433-7339,Q1,2025
Surgery (United States),0039-6060;1532-7361,Q1,2025
Surgery for Obesity and Related Diseases,1550-7289;1878-7533,Q1,2025
Surgical Clinics of North America,0039-6109;1558-3171,Q1,2025
Surgical Endoscopy,0930-2794;1432-2218,Q1,2025
Surgical Oncology,0960-7404;1879-3320,Q1,2025
Surgical Oncology Clinics of North America,1055-3207;1558-5042,Q1,2025
Survey of Ophthalmology,0039-6257;1879-3304,Q1,2025
Systematic Reviews,2046-4053,Q1,2025
Targeted Oncology,1776-2596;1776-260X,Q1,2025
Teaching and Learning in Medicine,1040-1334;1532-8015,Q1,2025
Techniques in Coloproctology,1123-6337;1128-045X,Q1,2025
Temperature,2332-8940;2332-8959,Q1,2025
The Lancet,0140-6736;1474-547X,Q1,2025
The Lancet Child and Adolescent Health,2352-4642,Q1,2025
The Lancet Diabetes and Endocrinology,2213-8587;2213-8595,Q1,2025
The Lancet Digital Health,2589-7500,Q1,2025
The Lancet Gastroenterology and Hepatology,2468-1253,Q1,2025
The Lancet Global Health,2214-109X;2572-116X,Q1,2025
The Lancet Haematology,2352-3026;2451-9960,Q1,2025
The Lancet Healthy Longevity,2666-7568,Q1,2025
The Lancet HIV,2352-3018,Q1,2025
The Lancet Infectious Diseases,1473-3099;1474-4457,Q1,2025
The Lancet Microbe,2666-5247,Q1,2025
The Lancet Neurology,1474-4422;1474-4465,Q1,2025
The Lancet Oncology,1470-2045;1474-5488,Q1,2025
The Lancet Planetary Health,2542-5196,Q1,2025
The Lancet Psychiatry,2215-0366;2215-0374,Q1,2025
The Lancet Public Health,2468-2667,Q1,2025
The Lancet Regional Health - Americas,2667-193X,Q1,2025
The Lancet Regional Health - Europe,2666-7762,Q1,2025
The Lancet Regional Health - Southeast Asia,2772-3682,Q1,2025
The Lancet Regional Health - Western Pacific,2666-6065,Q1,2025
The Lancet Respiratory Medicine,2213-2600;2213-2619,Q1,2025
The Lancet Rheumatology,2665-9913,Q1,2025
Theoretical and Applied Genetics,0040-5752;1432-2242,Q1,2025
Theoretical Criminology,1362-4806;1461-7439,Q1,2025
Therapeutic Advances in Chronic Disease,2040-6223;2040-6231,Q1,2025
Therapeutic Advances in Endocrinology and Metabolism,2042-0188;2042-0196,Q1,2025
Therapeutic Advances in Gastroenterology,1756-283X;1756-2848,Q1,2025
Therapeutic Advances in Hematology,2040-6207;2040-6215,Q1,2025
Therapeutic Advances in Medical Oncology,1758-8340;1758-8359,Q1,2025
Therapeutic Advances in Musculoskeletal Disease,1759-720X;1759-7218,Q1,2025
Therapeutic Advances in Neurological Disorders,1756-2856;1756-2864,Q1,2025
Therapeutic Advances in Psychopharmacology,2045-1253;2045-1261,Q1,2025
Therapeutic Advances in Respiratory Disease,1753-4658;1753-4666,Q1,2025
Therapeutic Advances in Urology,1756-2872;1756-2880,Q1,2025
Therapeutic Innovation and Regulatory Science,2168-4790;2168-4804,Q1,2025
Thorax,0040-6376;1468-3296,Q1,2025
Thrombosis and Haemostasis,0340-6245;2567-689X,Q1,2025
Thrombosis Research,0049-3848;1879-2472,Q1,2025
Thyroid,1050-7256;1557-9077,Q1,2025
Ticks and Tick-borne Diseases,1877-959X;1877-9603,Q1,2025
Tissue Barriers,2168-8362;2168-8370,Q1,2025
Tissue Engineering and Regenerative Medicine,1738-2696;2212-5469,Q1,2025
Tobacco Control,0964-4563;1468-3318,Q1,2025
Topics in Antiviral Medicine,2161-5853;2161-5861,Q1,2025
Topics in Stroke Rehabilitation,1074-9357;1945-5119,Q1,2025
Translational Breast Cancer Research,2218-6778,Q1,2025
Translational Neurodegeneration,2047-9158,Q1,2025
Translational Oncology,1936-5233;1944-7124,Q1,2025
Translational Psychiatry,2158-3188,Q1,2025
Translational Research,1878-1810;1931-5244,Q1,2025
Translational Stroke Research,1868-4483;1868-601X,Q1,2025
Translational Vision Science and Technology,2164-2591,Q1,2025
Transplant International,0934-0874;1432-2277,Q1,2025
Transplantation,0041-1337;1534-6080,Q1,2025
Transplantation and Cellular Therapy,2666-6367;2666-6375,Q1,2025
Transplantation Reviews,0955-470X;1557-9816,Q1,2025
"Trauma, Violence, and Abuse",1524-8380;1552-8324,Q1,2025
Traumatology,1085-9373;1534-7656,Q1,2025
Travel Medicine and Infectious Disease,1477-8939;1873-0442,Q1,2025
Trends in Cancer,2405-8025;2405-8033,Q1,2025
Trends in Cardiovascular Medicine,1050-1738;1873-2615,Q1,2025
Trends in Endocrinology and Metabolism,1043-2760;1879-3061,Q1,2025
Trends in Hearing,2331-2165,Q1,2025
Trends in Immunology,1471-4906;1471-4981,Q1,2025
Trends in Microbiology,0966-842X;1878-4380,Q1,2025
Trends in Parasitology,1471-4922;1471-5007,Q1,2025
Tropical Medicine and Infectious Disease,2414-6366,Q1,2025
Tropical Medicine and International Health,1360-2276;1365-3156,Q1,2025
Tumour Virus Research,2666-6790,Q1,2025
Turkish Journal of Emergency Medicine,2452-2473,Q1,2025
Ultrasonics Sonochemistry,1350-4177;1873-2828,Q1,2025
Ultrasound in Obstetrics and Gynecology,0960-7692;1469-0705,Q1,2025
United European Gastroenterology Journal,2050-6406;2050-6414,Q1,2025
Updates in Surgery,2038-131X;2038-3312,Q1,2025
Urologic Oncology: Seminars and Original Investigations,1078-1439;1873-2496,Q1,2025
Vaccine,0264-410X;1873-2518,Q1,2025
Vaccines,2076-393X,Q1,2025
Value in Health,1098-3015;1524-4733,Q1,2025
Vascular Health and Risk Management,1176-6344;1178-2048,Q1,2025
Veterinary Quarterly,0165-2176;1875-5941,Q1,2025
Virchows Archiv,0945-6317;1432-2307,Q1,2025
Virologica Sinica,1674-0769;1995-820X,Q1,2025
Virology Journal,1743-422X,Q1,2025
Virulence,2150-5594;2150-5608,Q1,2025
Viruses,1999-4915,Q1,2025
"Visual Computing for Industry, Biomedicine, and Art",2096-496X;2524-4442,Q1,2025
"Vital and Health Statistics, Series 1: Programs and Collection Procedures",0083-2014;2332-8401,Q1,2025
"Vital and Health Statistics, Series 2: Data Evaluation and Methods Research",0083-2057;2333-0872,Q1,2025
Water Emerging Contaminants and Nanoplastics,2831-2597,Q1,2025
Wearable Technologies,2631-7176,Q1,2025
Western Journal of Emergency Medicine,1936-900X;1936-9018,Q1,2025
Wiley Interdisciplinary Reviews: Cognitive Science,1939-5078;1939-5086,Q1,2025
Wiley Interdisciplinary Reviews: Nanomedicine and Nanobiotechnology,1939-0041;1939-5116,Q1,2025
WIREs Mechanisms of Disease,2692-9368,Q1,2025
Women and Birth,1871-5192;1878-1799,Q1,2025
Women's Health,1745-5057;1745-5065,Q1,2025
Women's Health Issues,1049-3867;1878-4321,Q1,2025
"Work, Aging and Retirement",2054-4650,Q1,2025
World Allergy Organization Journal,1939-4551,Q1,2025
World Journal of Biological Psychiatry,1562-2975;1814-1412,Q1,2025
World Journal of Clinical Pediatrics,2219-2808,Q1,2025
World Journal of Emergency Surgery,1749-7922,Q1,2025
World Journal of Gastroenterology,1007-9327;2219-2840,Q1,2025
World Journal of Men's Health,2287-4208;2287-4690,Q1,2025
World Journal of Microbiology and Biotechnology,0959-3993;1573-0972,Q1,2025
World Journal of Otorhinolaryngology - Head and Neck Surgery,2095-8811;2589-1081,Q1,2025
World Journal of Pediatrics,1708-8569;1867-0687,Q1,2025
World Journal of Surgery,0364-2313;1432-2323,Q1,2025
World Journal of Surgical Oncology,1477-7819,Q1,2025
World Journal of Urology,0724-4983;1433-8726,Q1,2025
World Neurosurgery: X,2590-1397,Q1,2025
World Psychiatry,1723-8617;2051-5545,Q1,2025
Worldviews on Evidence-Based Nursing,1545-102X;1741-6787,Q1,2025
Wound Repair and Regeneration,1067-1927;1524-475X,Q1,2025
Yale Journal of Biology and Medicine,0044-0086;1551-4056,Q1,2025
Zeitschrift fur Medizinische Physik,0939-3889;1876-4436,Q1,2025
